Area,Production,GDP,Annual Growth Rate,Inflation,Rainfall,Temperature,Crop Price
870,1675,2.35,3.98,1.05,946,28,5350
3782,10364,4.45,3.13,1.9,1891,31,3428
3102,8023,3.14,3.79,1.47,1776,24,5987
476,8627,4.63,3.29,1.1,1840,27,9733
4436,8120,4.6,3.93,2.45,914,24,5920
3454,8716,4.42,2.9,1.22,1618,21,3926
3181,3650,4.37,4.28,2.22,1391,34,8282
2929,6833,2.91,3.07,1.56,1547,25,5376
140,13276,2.24,3.24,1.35,1162,28,5868
1695,9196,3.21,2.62,1.76,1573,32,7986
779,5021,2.52,2.72,2.6,1217,22,7862
2401,13540,4.08,3.53,1.78,1858,20,5423
2443,17639,3.04,3.04,2.5,1602,20,7870
1194,13001,4.93,4.17,1.25,1550,32,9159
4565,12362,3.92,2.53,2.55,770,22,3073
3395,2040,4.47,3.26,1.47,1061,29,7170
4127,5349,2.4,3.17,2.35,1303,24,1701
4853,13047,4.59,2.54,2.13,746,22,9113
2914,13522,4.77,2.75,2.86,886,28,7825
484,4430,3.46,3.33,1.77,1201,27,8867
1092,4807,3.82,3.49,1.13,1058,22,5264
2568,19147,4.29,3.31,1.04,1472,28,8968
2057,10445,2.52,3.56,2.65,1884,34,9146
2757,16291,3.51,3.69,2.05,1483,32,8776
985,5638,3.2,2.52,2.55,851,25,9558
1816,17400,2.44,3.43,1.47,1779,32,9719
199,4994,3.1,4.43,1.69,1745,26,5886
2744,13445,2.2,3.54,1.06,1252,23,4935
3015,19866,2.08,3.86,2.92,1280,23,5619
4668,17122,2.41,3.12,2.34,1524,31,6191
1909,4293,4.89,4.05,2.87,1045,32,7875
1277,9966,3.65,4.05,1.53,1969,21,8856
1538,10034,4.9,3.54,2.22,578,24,6401
3212,1809,3.3,4.45,2.36,1759,27,4022
3566,9231,2.94,2.75,1.64,833,26,6738
3900,2532,3.52,2.53,2.7,1388,26,6984
656,1001,3.32,4.04,2.89,1872,25,2770
2898,2129,2.32,4.11,2.77,1621,22,9989
2445,2767,3.92,2.74,2.48,1605,24,4215
610,9742,2.65,3.03,1.55,1001,32,7694
2373,7361,3.86,2.54,1.56,1264,20,3976
2071,18499,3.95,3.09,2.93,1420,26,4737
251,818,2.46,4.05,1.02,1049,28,1752
2051,5540,2.18,3.54,2.43,513,20,2392
2834,15584,4.34,3.2,2.41,891,32,7789
2622,6695,3.38,3.24,2.25,1870,21,1677
1373,5282,2.17,2.5,2.98,809,22,1105
1488,11535,4.98,3.1,1.62,885,22,5753
2566,5847,2.17,3.79,1.68,1732,27,2946
785,19769,4.09,4.45,1.16,1880,26,6544
4024,12392,4.95,4.19,1.89,1473,25,2095
44,8088,2.72,2.55,1.52,1617,34,7985
3162,16052,2.43,4.3,1.69,1616,29,2782
1965,13137,2.36,4.07,2.67,839,29,5541
1595,4923,2.91,4.06,2.87,1096,30,4257
3953,1531,2.3,3.42,1.37,1968,23,7213
3083,10143,4.08,3.3,1.75,1256,28,5869
1031,19885,2.19,3.11,2.86,1545,20,2561
3471,14472,3.53,2.63,1.12,790,30,5006
2623,16488,4.99,2.96,1.18,805,34,4981
3853,7693,4.44,2.99,1.33,1133,21,6682
1510,19896,3.85,3.47,2.19,1651,34,6782
4808,15758,2.92,3.99,1.3,1124,33,1943
171,11321,3.87,3.45,2.94,1438,23,5550
4307,17266,3.58,2.62,1.89,1796,22,1600
1991,12650,3.28,4.42,2.0,1347,20,7376
1005,11048,2.39,4.39,1.49,941,24,2524
4921,14345,4.66,4.07,1.94,1002,26,4766
3352,10732,3.35,4.48,2.32,629,21,1250
4561,16430,2.58,3.59,2.5,1655,24,1078
3808,8569,3.1,4.43,2.51,1096,25,4123
1285,19744,3.24,2.65,2.16,1361,30,8064
1026,3350,4.48,3.23,2.81,1913,26,9417
347,6772,4.2,2.95,2.63,1092,20,2209
888,7268,4.31,2.89,2.51,1498,26,6153
1086,3104,2.03,2.78,1.11,824,23,5898
4897,13625,3.25,3.74,1.01,1592,27,3178
4003,8020,3.44,4.06,1.42,947,32,8610
4869,2193,2.06,3.66,2.33,1318,23,9895
389,9553,2.78,2.79,1.82,1688,25,3544
502,15199,4.28,4.12,1.8,1208,28,6522
2072,18972,2.41,3.77,2.77,1949,24,3370
3894,12225,3.61,3.28,2.79,764,33,4281
74,8406,2.65,3.85,2.82,1111,31,5710
2578,15120,2.04,3.02,1.63,1865,23,1328
2037,872,2.72,3.19,2.38,1331,27,6579
2705,17377,4.93,4.33,1.54,1801,32,5228
1505,14339,4.4,3.08,1.38,1173,28,7794
401,6200,4.88,3.44,1.37,1962,23,1120
4524,4475,3.46,4.28,1.68,656,22,7749
4484,16082,2.33,3.92,1.86,1945,27,1964
3571,2248,3.64,2.62,2.66,750,33,5224
2288,3502,3.36,2.79,1.24,1377,24,4675
3109,9156,4.53,2.52,2.47,1029,21,6694
210,13909,2.29,3.76,2.06,826,29,3076
4885,17742,3.46,3.4,1.58,1460,28,7865
3114,8755,2.45,2.77,1.99,1394,22,6643
4608,10162,2.97,4.42,1.6,596,31,9524
2464,4891,4.21,3.56,2.19,1012,21,6249
3655,15408,3.43,2.98,1.87,715,20,2316
814,1459,3.13,3.5,1.33,1655,33,2196
2741,4616,3.18,3.86,1.23,1783,27,4170
2783,11432,3.38,2.65,2.09,624,30,1355
1580,17989,4.36,3.05,2.8,1605,22,1028
2700,14646,4.68,4.11,1.69,1806,26,2013
3850,854,4.87,3.42,2.47,558,20,3024
1038,13271,4.36,3.59,2.32,660,20,9490
512,1329,2.95,3.37,2.86,783,34,6839
4503,13242,4.06,2.59,2.64,605,31,6791
880,7133,3.31,2.83,2.13,1628,28,1754
4498,11143,2.76,3.39,2.31,1962,34,9961
216,17821,4.52,2.92,2.8,727,31,4735
1494,12930,2.12,2.6,1.8,817,27,2238
873,15567,4.71,4.19,1.65,1987,31,2906
2800,19113,3.38,4.46,1.02,1301,32,8399
573,2156,3.91,4.09,2.65,1373,22,8961
4201,16136,3.98,4.21,2.6,971,25,5601
1767,4881,4.69,2.98,1.21,1579,30,2460
1688,19202,3.91,4.42,2.15,1124,22,8669
3252,3236,3.84,2.89,1.93,512,32,2416
4646,2623,2.2,4.4,1.24,1963,31,8766
1069,12858,3.56,4.49,2.96,1541,23,2428
1732,2649,2.45,3.92,1.43,1193,20,5378
3324,4083,4.21,4.46,1.13,1472,24,8529
3167,8478,3.54,3.64,2.19,612,20,5474
2635,1354,4.04,3.02,2.48,728,32,4071
2739,17735,2.13,3.37,1.06,670,20,1555
1607,18975,2.25,3.69,2.32,794,29,9547
3070,18485,4.15,2.65,2.06,688,34,2563
2703,8683,2.22,3.74,1.21,925,30,2040
4901,11422,2.21,4.46,1.35,1476,30,3686
3637,9046,2.04,2.88,2.14,1602,33,3553
1373,16508,4.87,4.09,1.59,1157,26,2779
1991,5525,4.21,4.32,2.88,1418,31,1075
1673,7234,3.06,4.39,2.64,1705,25,5326
1539,12925,2.89,4.42,2.97,998,21,6835
2048,1672,3.05,3.54,1.52,1261,33,6057
3312,16038,4.32,4.45,2.94,1365,30,3349
2247,8091,3.98,4.01,1.86,1325,31,3773
1316,16775,2.56,2.82,1.7,570,21,3262
4039,18508,2.52,3.45,1.1,747,30,4229
2685,8042,2.3,3.94,1.11,645,26,1392
1292,15696,3.98,2.99,2.38,1819,20,2108
719,17079,4.29,3.78,1.92,1081,32,5362
4754,4313,2.8,3.83,1.45,969,21,6188
4423,14110,2.06,2.83,2.23,692,31,9802
3758,15206,2.25,3.63,1.51,1591,27,6057
4789,8696,4.9,4.04,2.16,993,25,4998
673,11714,2.89,3.5,1.72,551,34,9864
2008,3019,4.31,2.52,2.65,1381,33,7566
3455,3078,3.87,2.52,2.64,862,21,4677
3753,19115,3.15,3.21,1.95,1416,26,6796
1505,3679,2.62,4.35,1.7,973,23,7363
3314,3117,2.36,2.96,1.73,1020,21,9123
3773,5991,3.85,3.77,2.61,1954,31,9222
1863,17820,4.32,2.94,1.66,1821,25,8690
4669,19300,3.93,3.14,1.42,1958,30,2400
1301,11605,3.59,4.2,1.17,1190,34,5071
3591,13131,2.13,3.96,1.93,1721,28,9808
3467,6869,4.91,2.69,1.96,1651,30,3786
1646,11096,4.4,3.36,2.68,1031,28,8169
3706,17767,2.88,2.56,1.44,1934,33,1870
3009,2761,4.94,3.46,1.76,1339,27,5196
3162,4903,3.81,3.82,2.62,1588,34,3739
708,7765,3.75,2.74,2.65,740,22,1940
2170,8992,4.24,3.08,1.77,1892,22,1340
4107,15557,4.44,3.3,1.92,1035,21,8422
4747,15876,3.97,4.34,1.61,1907,24,5133
864,1812,2.38,4.49,2.87,1954,33,1659
3484,15900,3.01,2.59,1.24,582,31,4457
1717,12162,4.78,4.02,2.87,1481,33,3975
2787,12702,2.67,3.24,2.37,1450,23,1453
1743,6172,3.12,3.28,2.06,1110,26,9184
4941,531,3.3,4.01,1.07,1073,23,6442
3520,14586,3.32,4.34,1.95,785,28,1818
212,203,3.84,4.4,1.82,1488,31,5868
3265,7667,4.83,3.65,1.32,958,31,1012
4228,1574,2.72,3.21,2.31,1735,21,8727
4506,2170,2.36,4.08,2.94,625,30,1920
776,15098,2.59,3.0,2.12,1936,33,5920
4399,2393,4.66,3.63,2.43,924,25,3418
2337,5186,3.94,3.22,1.14,1053,34,7475
2941,1290,2.86,3.81,1.84,1109,26,3017
207,110,4.45,2.98,1.23,1681,23,8957
1940,9180,4.58,2.88,2.23,611,32,5792
3592,18073,4.54,4.34,2.88,901,25,7830
618,12362,4.76,2.7,2.32,621,26,3434
3282,13400,2.76,3.51,1.15,772,23,3868
1157,12468,4.27,2.94,1.71,1817,34,2438
4292,1302,3.38,2.58,2.1,897,27,4543
3407,8413,4.53,2.57,1.81,970,28,2781
2521,9700,4.19,2.85,2.67,1484,20,7343
1804,19983,4.33,4.23,2.63,1730,26,3263
669,18756,3.97,3.06,2.22,1633,28,1211
2821,16364,2.53,4.4,1.75,1963,34,9699
1379,4140,3.64,3.66,1.51,1801,31,7159
1996,7010,4.95,3.37,1.21,1068,29,8027
156,3054,4.81,3.66,1.71,1637,24,1331
3229,16763,2.13,3.53,1.83,1396,31,7860
2921,3690,2.49,4.02,2.35,1319,21,9044
1744,1391,2.4,3.06,2.32,1352,29,9169
1853,11905,4.18,3.21,1.14,1209,25,9742
498,388,4.45,4.29,1.79,820,31,6720
2986,5945,2.64,4.39,1.36,678,31,1727
1969,12304,3.52,4.29,1.31,1396,26,5975
2395,19142,4.52,3.34,2.65,718,21,4243
2929,11394,4.2,4.06,1.08,1288,21,1648
4746,1800,3.63,3.45,1.84,991,29,6095
1812,2471,3.77,3.5,1.34,560,34,7614
4071,7169,3.53,2.91,2.76,1577,33,8135
3379,5369,2.89,3.68,2.11,1037,31,2009
272,15946,3.7,2.87,1.46,1347,29,2550
633,11968,4.07,3.16,2.0,1487,20,9995
1026,13899,4.62,4.21,2.46,564,23,8492
3653,4923,3.91,2.91,2.92,1085,26,4401
4986,4856,4.28,2.64,1.44,670,33,8447
2059,8642,2.48,2.64,2.77,1796,28,6424
3733,12232,3.38,4.38,2.87,1034,34,5241
4558,19591,2.03,3.51,2.83,1914,22,4161
3118,16824,2.74,3.32,2.27,1192,31,5155
4100,12095,4.18,4.12,2.26,1850,30,8478
2066,4480,4.98,4.17,1.81,607,26,9719
3180,8870,2.3,3.16,2.5,1685,26,7617
1692,4282,3.2,3.89,2.06,1313,26,6660
2265,11172,4.4,4.04,2.35,1504,21,9624
1164,15073,2.61,3.81,1.86,951,25,2176
4509,8057,3.67,2.8,2.46,1729,21,8956
3201,17955,4.2,4.25,2.65,1089,25,9592
1706,9068,3.85,3.58,1.29,1539,32,3233
4001,1550,2.56,3.06,2.67,826,29,5700
4733,6787,3.07,3.35,2.08,1107,22,6906
4692,3344,4.35,2.58,2.69,1158,33,8860
1658,18853,3.66,2.76,1.86,501,21,8526
1455,19476,2.02,4.03,1.76,1533,31,6559
4209,4547,4.28,2.5,2.83,933,34,7732
3933,17900,2.11,3.33,1.5,624,33,3513
263,19995,4.24,3.55,2.69,1604,25,8830
3193,664,2.61,2.61,1.97,984,21,7944
2567,9424,4.87,4.45,2.03,1151,24,8910
108,19657,3.1,2.95,1.62,1673,21,6649
2210,2717,2.98,3.11,2.15,1299,22,2096
2971,13459,2.45,3.11,1.65,1372,22,2951
4983,16564,2.92,2.96,1.08,1863,25,8799
4443,3033,4.63,2.5,1.54,628,25,9804
3787,12701,4.99,3.96,1.01,937,29,1595
2879,8280,3.1,4.43,2.96,1250,22,8875
3244,6690,3.35,2.95,2.93,1000,22,5439
3801,11829,4.17,3.83,1.79,1581,32,6972
966,15367,4.66,3.98,2.46,1721,31,1858
4077,17354,3.78,4.2,1.69,710,32,6519
170,7614,3.17,3.35,2.34,1401,20,8385
4503,15570,3.24,3.11,2.61,544,26,9636
1310,13787,4.09,3.15,2.89,1620,32,5317
4921,9373,2.01,3.93,1.8,1802,27,4454
3997,15279,3.86,4.13,2.57,1034,21,2030
1537,11763,3.07,2.86,1.53,1933,23,8906
1228,8552,4.38,3.24,2.98,960,29,2447
4506,19675,2.28,4.3,1.05,890,26,3850
4745,595,3.76,4.11,2.21,1567,27,9106
3114,4396,3.44,4.47,2.32,526,20,8151
2745,10046,3.93,4.01,2.38,1293,23,7952
4565,15825,2.19,3.29,1.24,1620,25,5055
964,13969,3.74,3.68,2.88,1474,22,6402
4575,3860,3.68,3.82,1.36,1047,24,2672
3456,7256,3.68,2.66,2.25,1120,29,5532
1055,9055,3.81,3.59,1.45,1066,28,5924
1703,16421,4.03,3.92,1.61,1203,30,7085
3446,12366,4.41,2.83,2.09,1742,32,8734
572,18466,2.81,4.06,1.83,684,22,5864
2495,8486,4.48,3.67,1.32,1592,24,2221
3364,13034,3.49,4.4,1.34,1653,27,3860
235,321,2.23,2.58,1.84,1347,25,9428
4903,19945,2.18,3.03,2.51,1098,23,4253
969,18205,3.0,3.7,2.8,1305,27,4782
4558,10666,4.35,3.09,1.17,1857,30,7957
3077,4411,4.12,3.93,1.79,1677,22,1766
825,7119,4.37,4.02,1.2,578,22,3681
4764,17354,3.55,2.71,1.03,1078,23,8710
4652,3480,3.32,3.53,2.32,912,28,8482
3130,12726,2.44,3.52,2.2,1045,24,6086
26,10866,2.98,3.24,1.33,668,27,8964
1253,2100,3.3,4.37,1.47,1180,25,3665
2215,11742,2.27,4.16,1.05,1082,22,4513
2534,1215,2.66,3.89,2.67,1014,34,1495
1079,2083,3.79,3.93,2.95,1837,27,6822
3454,195,4.21,3.42,1.27,531,31,3072
2575,14319,5.0,4.34,1.46,786,28,8795
1070,7882,4.8,3.89,2.74,1093,27,9529
2337,14336,3.93,3.96,2.85,1566,32,4949
3430,2682,3.26,4.22,1.84,1116,23,7033
311,4544,3.91,3.05,1.1,1524,33,9328
4286,15202,4.36,4.11,1.08,769,33,3555
616,9205,2.36,2.89,2.15,1703,32,7370
3180,10476,3.23,3.19,1.79,1017,30,5415
709,10283,4.52,3.17,1.06,1626,25,6959
1149,1878,3.15,4.46,2.17,1533,20,6993
200,12310,3.72,4.21,1.02,1082,23,6021
2310,9180,3.76,3.9,2.57,1613,27,3907
990,4855,2.55,3.95,1.61,725,20,3914
2985,856,3.09,3.62,1.08,1169,22,4870
1194,8252,3.0,4.39,2.18,1416,20,6085
3337,1918,2.08,3.49,1.8,625,28,7546
3404,14611,2.07,3.26,2.95,1455,21,1395
137,15562,4.5,2.83,2.09,1732,28,1938
2075,14949,2.82,4.07,1.55,1620,32,3510
1826,16270,3.55,3.97,2.42,573,23,5636
579,15984,2.9,3.27,1.54,1714,21,2649
1905,5479,4.82,2.55,2.81,555,23,4690
2743,9126,2.78,4.18,1.75,1219,31,4435
3873,3614,3.29,2.52,2.1,1052,30,4201
4731,1439,4.62,3.91,1.1,531,30,5179
4024,11643,4.53,4.44,1.85,1073,29,9405
2911,7324,2.56,3.38,2.66,1166,25,4237
1696,17258,4.41,2.97,2.61,783,34,4862
3019,18699,3.37,3.91,1.45,686,30,1058
164,17370,3.45,4.13,1.45,997,26,5938
2547,10795,2.4,3.59,2.63,1965,22,3971
1419,14249,2.24,4.43,2.86,629,22,9314
4067,15926,4.18,2.6,1.19,1138,31,4345
794,18230,3.49,3.51,1.9,1815,29,3486
3185,8295,3.31,3.94,1.67,613,31,1561
4351,7264,4.19,4.23,2.74,1722,27,4981
2816,776,4.3,2.86,1.17,512,24,7261
547,19170,2.48,4.1,1.42,1794,23,2737
1851,13882,3.83,3.61,2.5,1738,26,4554
2465,11412,2.41,3.29,1.1,943,26,8095
534,18347,4.25,2.76,1.99,946,32,9266
2960,10156,3.97,4.23,1.88,1485,28,1294
4141,7707,4.87,2.81,1.67,1492,28,9212
4790,18900,2.21,3.12,1.79,1214,24,6330
4125,14601,2.17,3.08,2.06,573,32,5655
2378,7956,2.85,4.24,1.32,1036,31,2109
3857,7337,2.79,3.85,2.14,600,32,4771
4505,942,2.74,4.09,2.61,675,27,9563
2711,10272,4.72,3.0,2.52,926,29,7123
981,4725,2.75,3.75,1.31,1640,20,8647
1176,1983,2.82,3.64,1.3,1689,28,2174
4939,17814,4.28,4.17,1.54,540,27,2164
2784,11923,3.35,4.31,1.72,928,25,9712
1992,17724,4.33,2.52,1.82,843,32,5466
863,18074,2.2,3.85,2.36,1947,22,6538
4156,13289,3.46,2.6,1.11,865,22,8111
3746,10924,2.1,3.6,1.07,1643,27,9434
3779,17652,2.19,3.08,1.78,1108,24,3800
584,5066,4.72,3.11,2.39,1156,29,5607
3271,13824,2.42,3.21,1.39,1227,30,8262
1158,9802,3.6,3.74,2.28,728,33,2541
1725,17388,3.23,3.17,1.52,1324,26,3765
4787,15635,3.04,3.97,2.77,1653,24,5491
4943,7341,4.7,3.31,2.79,1875,27,4083
3864,1024,2.07,2.64,1.59,1388,29,6356
2501,4183,3.99,4.07,1.46,1841,29,2857
2670,14713,4.89,3.07,1.82,1483,23,1769
3134,4022,3.68,3.37,1.48,1335,21,2422
3061,5345,4.81,3.87,2.34,1860,22,9598
14,13963,2.16,3.16,2.65,1796,27,3972
4879,9155,3.26,2.61,2.35,616,34,2872
886,8278,2.78,3.25,2.65,1317,30,6599
1001,9953,4.19,4.39,1.79,867,32,3269
4152,3070,4.94,3.78,1.31,1617,26,6275
4374,9037,2.77,3.84,2.48,667,32,5749
4475,12930,3.96,3.76,1.72,1453,21,7571
645,5283,2.59,2.9,2.34,1864,25,6072
1703,9566,3.7,3.34,1.54,1160,28,6463
1692,14609,3.39,4.0,1.16,1194,34,8450
4762,16751,4.92,2.7,2.99,1424,23,9420
129,2446,3.83,3.06,1.31,651,28,4959
840,18596,3.05,3.05,2.98,1085,21,2313
3685,19179,2.34,3.36,2.95,1412,21,8847
1379,1641,2.45,4.46,2.59,773,28,2070
750,11353,2.68,2.64,2.32,995,31,4285
126,6233,2.75,3.54,2.16,600,26,9949
2848,1362,4.55,2.86,2.73,1056,26,4095
1160,7364,3.68,4.44,1.58,1605,20,1320
1941,18817,3.57,2.73,1.94,572,32,3321
1022,19673,2.34,3.31,2.24,1537,30,1555
1674,2189,4.58,3.98,1.82,1956,25,5939
1091,14738,4.17,3.91,1.85,656,32,6432
4739,18138,2.2,3.35,1.66,1234,26,2386
522,6974,4.12,3.19,2.13,631,30,5763
2859,412,3.63,3.3,2.7,1861,33,7854
569,19038,2.25,3.03,1.4,1518,25,8637
3682,13531,3.37,2.91,2.87,1927,25,5841
4593,3788,3.45,3.47,2.38,1899,21,4867
3353,2519,2.5,3.04,2.65,1058,25,4793
4080,16156,4.84,3.07,2.11,606,23,8373
4809,16990,4.55,3.81,2.56,764,28,3513
1480,9067,4.01,4.44,1.03,1728,34,4803
590,2858,3.39,3.71,2.64,1602,31,3327
2304,16420,3.24,2.65,1.08,654,20,9809
3157,14920,3.95,2.65,2.78,1487,32,3165
4259,12763,3.64,4.4,2.98,1496,27,4308
1689,7611,2.19,3.09,1.59,746,24,7452
3516,2769,3.54,2.68,1.42,1030,20,9067
2754,11750,4.42,3.7,2.53,1357,23,8642
3366,3791,3.38,3.75,1.51,1037,20,7404
4055,9816,2.16,3.8,2.73,1228,25,1992
1253,4048,4.36,3.03,1.21,1677,21,6424
3128,18837,2.6,2.53,1.25,653,34,5381
2151,16127,2.78,4.43,2.96,591,24,4174
3069,344,2.49,3.0,2.35,1956,26,5782
4558,10227,2.99,3.85,2.69,837,21,6560
2969,9932,4.27,3.91,1.65,1654,25,8460
2275,1186,3.56,3.72,2.35,949,25,4078
2489,2114,2.61,3.13,2.19,1309,24,3983
4656,7059,4.63,3.04,2.21,1286,24,8259
1645,13037,4.64,3.7,2.37,772,33,7054
1767,4593,4.61,4.23,2.15,1087,22,3523
4462,1057,2.72,4.39,1.86,676,34,5581
2080,5495,3.35,2.71,1.55,1330,29,6609
2859,10756,4.95,2.81,2.54,1142,34,3001
3261,14799,4.32,4.39,1.45,1572,29,2387
3740,11768,2.08,3.97,2.38,1066,30,7552
2499,9489,2.2,4.27,1.47,1165,31,2030
1641,13331,3.39,2.91,2.25,1878,21,2220
2826,1485,4.73,3.68,2.49,1831,26,7035
1025,621,3.62,3.9,1.44,1367,20,7523
1358,2432,3.49,3.86,1.12,1569,25,9074
4621,5134,2.32,3.32,1.26,801,25,1834
3097,16711,3.97,2.53,2.21,1367,22,2724
2849,13557,4.47,3.67,2.7,1411,21,7598
345,7109,3.14,3.01,1.09,907,31,3413
4602,18321,4.33,3.4,2.47,1712,21,6993
905,12821,4.89,4.42,1.68,1321,33,5498
3556,17699,2.61,3.3,1.96,1652,32,3105
861,7541,3.57,4.18,2.86,1060,28,3568
1697,14577,2.86,2.88,1.66,1789,30,1209
1941,17474,4.38,3.84,1.93,1641,24,5911
3756,14909,3.73,4.45,1.03,963,26,3220
2437,8123,3.9,2.7,1.16,643,31,1233
1578,9127,4.39,2.52,1.52,941,24,1792
4010,19186,3.19,3.37,1.06,1723,26,4110
2748,11433,4.75,2.69,2.26,1680,32,3166
3508,16428,3.6,4.0,1.85,986,23,9526
3923,2403,2.47,4.33,2.1,1359,27,6193
1076,4849,4.09,3.37,1.35,1657,32,2214
4390,17120,4.38,3.02,1.59,647,30,5419
2454,11989,2.95,3.37,2.33,1859,33,8314
4117,2478,4.57,3.95,2.93,1594,29,9475
3383,11346,4.72,2.52,1.1,1756,32,1212
3979,7863,2.83,3.68,2.78,1857,30,2658
2556,14464,4.95,3.73,2.15,1310,29,6024
763,11851,2.42,3.78,2.13,1165,26,6917
2092,11795,2.61,2.98,2.0,589,29,6141
2784,13075,2.55,3.93,1.14,1857,34,2794
2906,3406,4.68,2.68,1.18,698,24,6988
4195,14338,3.96,2.9,2.2,1684,30,9296
785,6590,2.46,4.25,1.68,1037,25,6578
1635,16472,3.32,3.98,2.83,1644,24,6551
3079,3392,3.85,2.53,1.81,800,26,4845
427,9128,2.25,3.0,1.29,1223,31,7906
124,2894,4.65,2.93,2.43,1462,21,1378
626,10446,4.41,3.04,1.59,1959,24,4293
3984,17532,3.52,3.0,2.05,567,34,4329
3277,18257,4.9,2.63,2.4,958,29,5808
835,14048,3.25,3.42,2.8,897,34,8937
1526,13311,4.95,3.97,2.58,1119,22,1224
3156,19589,4.0,3.71,2.35,1809,28,1737
422,3143,3.9,3.85,2.36,1663,32,1235
738,11772,2.5,2.66,2.89,1229,25,1711
3358,19330,4.65,4.4,1.59,1055,32,6988
2818,11695,3.28,4.18,1.0,1280,29,2888
685,15133,2.49,4.11,1.54,1393,22,8173
3475,1038,2.04,4.15,1.44,1109,26,2259
2514,6496,3.68,4.37,2.32,1247,23,6246
2977,16385,3.58,3.59,2.27,781,33,8271
2796,16183,4.16,2.9,2.19,1160,22,1748
1132,1732,4.67,3.73,1.03,1423,27,4551
4089,5676,2.24,3.99,2.46,1495,32,7400
1581,7474,4.19,3.98,1.65,1245,23,7643
2153,12907,2.56,3.54,2.33,1980,30,9701
1697,12205,4.57,2.64,2.11,586,20,2823
4142,17367,4.46,3.24,1.69,1602,25,7852
3861,11475,3.62,4.34,1.27,1728,29,8777
3450,2030,4.13,3.67,1.19,1290,30,5232
3776,15572,2.94,3.58,2.66,1860,30,7519
2336,19490,3.41,3.04,2.84,1777,20,2777
2924,9034,4.46,3.24,2.3,803,24,2222
4978,17225,3.38,4.29,1.21,1903,26,8630
3962,15933,3.07,3.83,1.8,629,34,2777
605,5440,3.48,4.07,2.46,1095,25,8490
738,18689,4.48,3.41,2.56,1799,33,5859
1375,1657,3.01,3.76,1.24,1057,21,9893
4502,6623,2.52,3.0,1.0,1398,30,9118
708,17418,4.14,3.91,2.42,1706,23,3989
405,5826,4.48,3.36,1.71,1791,30,9343
4181,3726,2.3,3.39,1.51,1845,34,2325
4370,3430,2.72,3.8,1.03,577,21,6127
2512,8761,2.43,4.37,2.08,1283,30,9998
1829,8832,3.04,2.63,2.7,1862,20,3722
727,17484,3.35,4.15,2.92,1173,34,5656
2792,14047,4.25,3.08,2.13,737,22,2325
4956,6392,3.95,3.39,2.03,1657,22,5133
3587,17393,3.86,2.54,1.17,1715,34,3869
153,6109,3.06,3.1,2.1,1879,31,2242
4990,8934,4.52,3.51,1.76,777,26,9539
3150,5705,3.41,2.61,2.21,1541,20,2831
4501,12141,4.94,3.48,1.78,1023,28,2569
2948,19380,3.9,4.35,1.48,679,30,8246
3646,15301,2.38,2.71,1.19,622,25,2918
3232,576,4.03,4.03,1.63,1769,23,7416
1177,3274,2.98,3.32,1.19,1896,22,4232
2626,15119,4.06,3.81,1.35,1574,34,4758
1072,11586,2.21,3.02,2.97,1594,22,6997
2166,13597,2.52,2.82,1.89,979,21,3355
2992,18309,4.57,2.82,2.06,1542,21,2824
3304,1813,2.68,2.64,2.75,583,33,8280
4739,8762,4.51,2.87,2.99,1678,31,5060
1166,5847,2.84,3.83,2.17,1064,32,6324
742,9258,3.93,4.26,2.62,1118,29,1404
4340,5159,4.08,4.13,1.65,856,24,2721
4856,16550,3.54,3.87,1.61,1315,28,6316
963,2483,2.92,2.72,1.81,1146,21,4845
2549,17017,2.64,3.08,2.35,942,21,5210
3334,4217,2.1,3.12,2.36,1592,31,1064
3311,17823,2.91,3.0,1.63,1022,25,7382
1552,8407,3.96,3.53,1.27,642,32,1968
1201,6204,4.81,3.57,2.26,691,34,1368
3003,8970,4.61,3.21,1.26,1910,29,9424
2691,18477,4.3,3.21,2.16,877,21,3242
1227,19930,4.37,4.16,2.39,1080,31,6002
1550,17212,3.99,4.08,2.4,1034,23,4083
3246,263,2.78,3.12,2.51,1816,25,9073
2396,3812,4.72,4.33,2.75,1532,24,9880
3729,13449,4.01,4.41,2.0,1794,20,2469
1398,9818,3.68,3.15,2.46,1910,34,5725
1866,10690,2.33,3.21,2.24,592,25,5259
1375,6781,3.34,3.51,1.37,1028,20,4622
509,19551,3.38,4.38,1.05,1677,22,1823
1690,5841,4.59,4.25,1.57,904,29,4431
520,15872,3.64,2.71,1.89,1339,24,7528
4322,8833,3.14,3.29,2.23,1672,33,5151
1334,13671,4.93,3.61,2.7,1388,29,5213
1165,16069,2.33,3.51,1.39,1790,32,8420
1837,2770,3.27,2.89,1.25,921,24,9989
3151,8955,2.13,4.22,2.93,971,32,1779
3496,9177,4.22,3.85,1.22,1392,29,3892
1820,16435,4.75,4.18,1.96,1046,25,6534
2933,6418,2.84,4.22,2.17,1130,34,4306
2224,14106,4.58,4.0,2.08,1537,31,3902
4196,12286,2.88,3.38,1.17,1277,29,4718
723,18383,4.73,3.72,1.11,863,27,1021
3612,14501,4.26,2.82,1.21,618,24,2500
4144,17351,4.41,3.85,2.17,1761,33,4641
3532,19608,2.05,2.86,2.09,1045,34,6212
4278,10483,4.89,3.89,1.47,1692,30,1191
4758,15575,4.18,2.96,2.28,1021,20,9587
4859,139,2.91,2.74,2.64,1133,24,8174
1253,18143,4.49,2.83,1.08,1462,22,6114
3719,10411,2.84,2.5,2.0,1457,23,5662
1091,16419,4.62,3.94,2.38,1382,34,5326
465,3091,2.34,3.96,1.5,1279,34,5335
4934,155,4.11,3.53,1.62,1370,32,9281
904,9128,3.62,2.82,2.23,1015,27,9648
1394,18329,2.29,2.67,2.8,1437,26,6494
1968,6140,2.73,2.54,2.62,1920,30,9536
3082,6132,2.04,2.83,2.17,1365,24,3711
2006,17068,3.41,4.28,2.46,605,21,8595
4295,1975,2.9,2.98,1.73,1608,25,7273
514,18490,3.8,3.21,2.28,713,30,7284
1224,6967,2.89,2.71,1.93,1644,25,9817
1541,19578,2.9,2.94,1.38,1655,29,4994
3450,602,4.23,3.54,2.4,1349,29,2678
833,3961,2.14,3.72,2.11,696,33,9414
938,3439,4.71,2.99,1.72,518,30,1743
143,13679,4.56,2.62,2.82,1141,25,1462
2115,2480,4.0,3.28,1.04,1535,33,2568
3637,508,3.78,2.97,1.63,1604,28,2736
4790,13445,4.68,2.94,1.11,829,30,8903
1862,257,2.56,4.42,2.53,1365,27,8002
4920,949,2.24,3.73,2.4,1273,27,9856
4185,11703,2.72,3.61,1.66,891,20,2356
2943,16455,4.38,3.33,2.35,1136,24,2014
3294,8651,2.1,3.36,1.79,806,26,2054
4308,944,3.75,3.58,2.51,1790,25,2764
2821,564,4.99,3.89,1.91,1970,24,7009
1260,4159,4.57,3.9,1.82,1964,27,5458
3522,13308,3.56,2.84,2.87,1394,22,1667
1266,15363,2.19,3.5,1.5,1151,25,4370
3386,15399,4.49,3.32,1.24,1340,34,6976
3496,7229,3.8,4.24,2.17,1525,24,2394
3594,10376,2.34,3.76,2.94,1019,27,9290
1406,11837,2.28,3.57,1.76,1135,23,5070
3647,1610,4.73,2.73,1.12,1832,27,7982
3340,13662,4.01,3.71,1.68,1239,29,9613
2713,17700,4.49,2.73,2.01,968,33,6599
480,19861,4.64,3.17,1.32,711,34,4650
1363,4830,3.72,2.79,2.32,1635,21,4620
2793,18361,3.55,3.88,3.0,1531,28,4190
2841,11944,3.29,2.91,1.9,1303,32,9789
367,2406,2.95,3.28,1.71,976,28,1391
3029,4840,3.3,4.29,1.8,1373,34,2075
677,16740,4.32,2.91,1.23,959,33,3650
4478,10231,3.81,3.52,2.77,752,29,3384
1155,7107,4.68,3.34,1.83,1251,29,1809
4195,16132,3.33,2.54,1.77,1961,32,9047
3729,711,3.82,4.09,2.32,1480,25,6501
2755,4694,3.89,2.64,1.88,1353,23,7895
549,15761,3.78,3.45,2.3,735,23,2159
2789,2970,4.11,3.62,1.12,1829,32,8574
4974,16052,2.71,3.76,2.63,977,25,2531
4146,14075,3.54,3.88,2.88,1178,24,6481
4845,8996,2.31,3.01,2.3,1543,25,8548
3785,12782,3.15,2.52,2.91,715,26,5976
2518,6286,3.46,3.95,1.3,1354,26,6695
2789,16359,3.96,3.57,1.95,634,28,9445
934,13568,4.85,4.17,2.2,1404,27,4548
2966,402,3.8,4.14,2.16,1652,32,7163
1591,7055,4.23,4.19,1.8,909,25,7671
3334,14086,3.52,3.47,1.68,1945,31,6264
4495,16592,3.9,3.17,1.25,1817,25,2231
265,1006,2.21,4.08,1.78,1769,34,3423
4814,2121,2.76,3.4,1.33,585,33,9071
1848,8645,3.09,2.87,2.47,1055,24,5261
1954,15190,3.42,4.21,1.42,1898,20,3908
19,12853,2.14,4.27,1.12,1969,28,5712
2881,3503,2.42,3.43,2.1,877,28,7755
807,6725,2.83,2.65,2.19,1913,28,4883
4982,1005,4.91,3.28,2.74,1574,34,4515
1025,6345,2.99,4.11,2.15,741,30,4403
1834,15971,3.45,4.3,1.69,1817,27,5598
4479,18146,2.59,2.91,2.61,1419,32,6008
3146,15332,3.83,2.63,2.08,765,29,7222
2203,4753,2.84,4.25,1.16,1643,32,5009
233,6613,2.62,3.28,2.13,1211,22,3735
4958,12053,3.55,3.58,2.82,1771,20,5491
4168,10867,2.02,4.44,1.79,569,30,9593
3935,11221,2.02,2.63,1.59,556,31,1974
4794,12632,2.66,3.8,1.29,1905,31,1223
4010,12251,2.11,2.65,1.3,538,27,5613
1643,17828,2.32,3.25,1.87,1300,26,7777
2162,12523,3.02,4.11,2.19,1966,32,9427
520,9511,4.41,3.37,1.16,1541,24,5211
394,15646,3.72,4.49,2.88,1231,29,1225
414,579,3.54,3.62,2.51,1324,26,9183
4623,19392,2.88,3.14,2.17,1255,29,5277
4581,12815,4.8,2.94,2.66,851,23,2341
2010,13960,3.19,3.2,1.16,1821,28,5036
2766,11611,2.26,3.25,1.95,782,30,9401
1678,9181,3.85,2.64,2.26,609,29,4727
1470,575,2.34,3.24,2.66,1516,33,4928
3646,16435,3.04,3.43,2.57,1703,21,3803
2734,424,3.52,3.95,1.55,1043,28,7558
4819,12247,4.62,3.81,2.88,524,28,1393
4188,4698,3.48,3.92,1.25,1342,24,7839
2058,2415,4.11,2.52,2.75,1290,30,9795
4156,17959,4.98,2.94,2.94,1237,20,1581
4790,1696,2.39,3.82,1.35,556,26,1132
726,63,2.82,3.47,2.44,679,29,3838
4554,4649,3.18,2.51,1.08,731,29,4385
4986,2328,3.27,4.11,1.81,842,23,4770
4593,14346,3.23,4.05,2.03,976,28,3268
1833,3205,4.72,3.6,2.16,1075,25,1975
2091,8371,4.14,2.63,2.87,954,32,8605
3429,3864,3.82,4.03,2.34,1755,22,8213
1584,13175,2.93,3.67,1.96,788,25,3835
259,3266,4.47,4.06,2.62,1736,32,3738
683,2163,4.87,4.0,2.9,757,29,5134
4543,10288,4.46,4.11,1.04,1029,25,7833
2175,13810,2.0,3.54,2.97,1186,24,9353
780,12638,3.91,2.78,1.17,1428,21,2909
3972,3424,2.15,3.84,2.63,728,29,2963
4373,6480,2.77,3.74,1.56,1749,29,6153
1994,19900,2.18,3.98,1.26,1095,21,1966
1087,19515,3.81,2.84,1.88,934,26,1889
245,12020,4.06,2.89,2.29,1381,21,4061
398,679,2.34,4.28,1.76,1520,31,7461
3047,16703,3.15,4.0,1.11,901,25,7166
4868,10881,3.37,4.32,2.2,1121,24,7967
1858,5774,3.11,4.02,2.8,587,23,9101
4729,11133,2.36,3.69,1.77,1083,26,8379
2824,13199,3.26,3.81,1.43,808,27,8280
3384,19866,4.25,4.28,1.89,1405,23,2067
3288,9522,2.21,3.66,1.1,842,20,5223
1262,6326,2.24,3.76,2.64,935,20,5607
3991,15685,3.06,2.81,2.65,676,20,4985
4683,5945,4.83,3.45,2.18,638,30,4179
2132,14044,4.01,3.93,1.71,693,20,5538
4540,10602,4.04,3.04,2.6,1709,24,3362
2160,17009,3.09,2.9,2.11,1741,23,3224
4869,6149,3.78,3.13,2.65,1687,32,7371
1339,9549,2.03,2.98,2.26,1684,33,2726
1368,19626,3.91,2.93,2.57,1442,28,6791
2492,3228,4.74,3.35,2.2,1024,34,9073
4552,19168,3.84,4.32,1.83,1565,22,9458
2027,6166,4.62,3.51,2.92,1414,33,8013
1341,15613,4.17,2.88,2.08,709,26,1837
4354,3618,2.36,2.65,2.21,1240,30,5584
4271,9897,4.71,3.89,1.44,1361,27,1686
1368,14185,2.2,3.27,2.25,1798,25,1356
4647,18637,3.6,4.14,2.14,1453,31,5647
4864,17824,2.43,3.82,1.37,1802,32,5418
3187,1792,2.04,4.09,1.12,1774,29,7642
2138,18359,3.27,3.04,2.21,1833,32,4391
2190,669,2.89,3.88,2.53,1332,20,5357
4902,17708,3.46,3.03,2.05,639,27,5879
147,17390,3.73,4.38,1.45,1291,34,6319
3482,1989,2.13,3.77,2.33,1045,29,3739
2842,16051,2.37,3.15,1.16,1516,22,5784
3589,1018,3.68,3.04,1.88,556,27,1877
3041,14896,3.03,2.88,1.33,611,31,3870
4174,331,4.19,3.89,1.37,504,23,1292
2603,15410,3.96,2.94,1.4,1933,27,9728
4310,6312,4.54,3.69,1.77,1937,30,3686
3828,1108,4.08,3.03,1.1,1705,20,1233
4148,10774,3.29,3.82,1.8,1536,22,3374
3833,5228,4.02,4.13,2.02,1862,25,3272
4052,7030,2.83,4.06,1.97,1782,34,1966
1916,9250,2.92,4.02,1.77,589,34,1889
770,1279,4.37,2.88,2.68,1115,28,4863
3455,8517,3.34,2.68,1.29,1390,21,7154
909,19174,4.4,3.9,2.01,1197,30,4400
4465,2339,4.47,3.24,1.12,1773,20,9226
2957,1289,4.57,3.36,1.14,1778,34,5542
1729,5420,4.75,2.56,2.15,1397,29,4523
290,16220,3.29,3.02,2.13,1470,22,2763
3276,175,2.96,2.57,2.76,1631,23,4291
1897,12554,3.75,4.26,2.12,1167,30,3488
3276,15448,3.11,2.99,2.92,1093,24,2558
676,6688,3.8,3.61,1.1,1088,22,5690
4198,6620,4.12,2.58,1.2,984,32,7121
681,3299,4.07,3.83,1.09,1481,29,3276
1979,9160,3.12,3.15,1.37,1471,30,5439
4166,7645,2.5,4.3,2.08,1781,21,2103
3132,13655,3.29,4.28,2.29,1138,21,8520
4709,12165,2.43,3.15,1.09,1496,26,6409
4787,6344,4.67,4.3,2.89,781,28,8869
3910,5807,3.04,4.49,2.68,1485,29,3956
533,12645,2.46,4.15,1.59,1611,21,8710
2403,2019,2.08,4.19,1.15,1727,26,7017
3127,11035,3.94,3.0,1.34,515,26,4384
2603,17325,3.91,3.65,1.25,1674,30,1028
1978,4520,3.02,2.63,1.25,1435,26,9897
1763,10275,2.22,2.69,2.04,753,22,8756
2306,9606,3.23,4.5,1.49,1711,31,7948
2271,9256,2.93,3.15,1.72,828,26,6755
2296,10041,4.03,4.0,2.98,1043,20,4602
4212,7569,3.82,4.11,2.37,1282,29,6062
2888,13719,3.09,4.22,2.9,1496,20,9071
4153,4662,2.65,4.5,1.29,1920,24,8244
3654,12423,4.96,2.98,1.76,1982,34,7372
4442,17632,3.36,2.58,2.11,1853,21,8105
2065,15602,4.06,3.32,1.15,1344,28,4581
4730,14696,2.42,2.76,1.01,1692,34,3762
1286,5288,3.46,2.54,2.34,865,26,1572
2776,15627,2.08,3.22,2.28,1701,23,8705
312,15554,3.52,4.07,1.82,1154,23,1614
648,3769,4.89,3.63,1.98,1885,21,5050
65,352,3.15,3.13,1.83,1259,24,1325
4831,12194,2.12,3.81,1.05,1138,23,4740
535,17420,2.09,2.96,1.67,1563,31,1358
4579,10105,3.16,2.53,1.35,1423,32,4777
4133,4490,2.48,4.03,1.2,915,20,6906
2135,3122,2.07,3.75,2.91,1878,31,2721
3297,13648,4.27,4.02,2.2,754,27,2349
374,14337,3.38,2.58,2.46,1666,22,4696
4631,14015,2.87,4.17,1.63,1209,33,4896
4988,19558,4.7,3.74,1.79,1076,25,5260
1656,9569,2.35,3.63,1.47,1399,23,7941
928,13430,4.87,3.75,1.19,510,28,4808
2807,11915,2.94,4.23,1.36,525,26,6246
1541,8175,4.67,3.67,2.6,1456,28,9384
3355,3341,3.81,3.66,2.36,920,29,4845
1916,4083,4.48,4.48,2.09,1744,22,3577
3096,5155,4.95,4.01,1.95,995,20,1091
4590,17137,2.87,3.38,2.84,1760,24,5234
2085,8183,4.88,3.91,1.15,736,22,9672
723,17008,3.17,3.28,1.56,1508,25,7592
1072,5754,3.16,2.96,1.7,718,27,9128
1986,7898,3.02,3.69,2.56,960,30,2075
1306,13025,3.62,4.36,2.99,1162,32,3513
135,6974,2.46,4.36,1.48,1134,23,9168
4642,19664,3.66,3.18,2.75,1667,24,7861
3606,538,3.63,3.56,2.66,1489,24,9990
3293,7164,4.29,2.92,1.45,688,23,1604
1613,15790,4.5,4.49,1.8,754,23,3979
76,3223,3.32,4.46,1.82,567,23,8140
242,1717,2.91,3.8,2.96,1115,23,8065
2166,4164,2.78,4.11,1.36,835,23,5916
1179,3603,2.58,3.93,2.6,1170,24,7800
2168,7811,2.17,3.69,1.67,1320,21,1597
4216,1050,3.03,2.61,2.46,1373,21,8320
1503,15688,2.81,3.41,1.84,1932,28,9705
4728,17822,4.9,3.85,2.16,799,21,6622
4017,5500,3.67,3.86,2.67,856,25,2877
2482,3762,3.04,3.25,2.61,755,21,2699
2670,1417,3.74,4.38,2.73,1507,24,6780
2749,8239,2.42,2.83,1.12,852,23,1716
1771,9063,3.33,3.5,2.38,1023,31,5086
3524,16888,3.88,3.88,1.28,1449,26,1665
1985,19206,3.47,3.89,1.83,1255,34,8846
2372,3776,3.21,3.8,2.1,783,26,7611
886,4856,4.98,3.05,1.81,1835,32,2079
3822,2240,4.64,2.81,2.04,598,25,9419
3458,9158,3.87,3.77,2.99,696,29,9340
1322,12228,3.71,3.7,1.27,981,24,2069
1470,2925,3.86,2.86,2.35,1377,20,6263
2719,5642,2.6,3.91,1.79,1749,31,8951
2334,17874,3.19,3.41,1.27,1114,34,2363
1743,12642,2.12,3.84,1.32,1117,22,5508
1615,8977,3.43,4.17,2.9,1888,28,2755
2573,14487,3.63,2.84,2.76,867,34,1519
3431,11580,2.68,2.54,2.81,1069,33,6463
3527,7060,4.89,4.06,2.98,1089,20,8233
2407,11257,4.73,3.72,1.42,1598,24,2102
3745,3039,4.17,3.9,1.71,1565,21,1597
2880,12090,3.6,4.18,2.34,921,23,4273
1170,9268,4.61,4.11,1.97,1335,33,6781
4864,6521,2.39,4.42,1.84,1704,33,7256
252,2913,4.37,3.57,1.72,1044,30,8258
2600,10743,2.37,3.48,2.19,570,20,9780
1073,1227,4.38,3.3,2.15,1628,22,7554
4334,4810,2.83,2.81,1.32,1723,29,9002
2605,61,4.63,3.65,1.94,1624,26,5846
929,16403,4.83,3.05,2.11,1267,29,5798
15,11606,2.45,4.34,2.14,806,34,7605
477,11613,3.39,3.67,1.42,876,22,3986
4180,14101,4.94,3.69,2.48,1154,23,1400
13,11072,3.45,3.21,1.05,1177,21,3855
655,8284,4.59,2.6,1.71,898,22,4412
127,16223,3.77,2.56,2.56,720,28,1056
2938,13228,3.13,3.35,2.13,681,22,9022
2561,6620,2.86,2.67,1.52,806,30,2875
4299,456,2.61,3.71,2.39,1021,24,5543
856,9256,4.29,4.26,2.13,1919,21,5298
2772,4481,3.16,4.27,2.59,1513,23,4768
1151,6592,3.53,3.82,2.47,503,31,6752
1820,8956,3.48,2.92,2.22,1362,32,5833
733,4196,3.73,4.23,1.98,1347,26,2353
234,12096,4.6,4.27,1.27,1303,33,5987
4637,12661,4.94,2.89,1.52,1804,26,7597
4218,13126,3.22,3.97,1.84,714,31,5311
4664,16574,4.48,3.07,2.2,1471,22,3934
2058,4932,4.29,4.11,2.03,1943,24,1022
4759,14163,3.72,4.49,1.58,600,20,2209
4425,13695,4.87,2.56,1.01,1462,29,9940
1583,6062,2.6,4.29,1.99,1072,29,1804
1838,17397,2.33,3.75,1.57,1832,29,9325
1927,7201,4.56,4.45,2.47,1157,30,5416
4244,3660,3.32,3.43,1.05,1438,20,9625
2036,9934,4.54,4.19,2.17,1586,24,6141
3754,6944,4.68,2.62,2.88,725,32,5968
911,13517,2.19,3.17,1.35,604,29,4671
4795,16539,4.65,2.63,1.94,1271,28,8292
2049,9923,3.34,4.45,1.18,1948,20,8001
19,12339,3.53,4.13,2.25,1778,20,3098
270,12258,3.88,4.21,2.1,928,23,9444
1683,10878,4.78,4.38,1.81,933,23,6061
2229,2187,2.06,2.67,2.04,1730,21,4264
2070,19964,3.43,3.27,2.79,1551,28,6435
3723,1336,4.06,2.64,1.39,1181,33,9493
1629,15760,4.17,2.92,1.05,1859,28,7691
330,11421,4.08,2.96,2.72,1087,32,3763
1352,15995,2.4,3.44,2.15,1592,32,5005
2386,7102,2.9,3.04,2.78,1365,21,4241
2842,3704,3.08,2.7,2.19,1245,33,4057
2834,18793,4.41,2.83,2.62,1690,28,1550
2004,15650,2.84,2.79,1.86,1363,34,6574
2968,8686,2.63,4.45,2.5,867,25,6411
2048,6491,4.87,4.02,2.83,750,27,2587
3500,9717,2.03,4.44,2.14,1358,29,6920
3687,12199,4.99,3.38,1.36,1355,32,6260
1128,1848,4.03,3.06,1.54,1693,34,5409
1614,9650,4.49,4.1,1.4,1613,32,6783
4037,5545,2.88,3.15,1.49,1060,23,1712
245,9950,2.04,3.1,1.61,1969,21,6406
1979,13723,4.21,2.97,2.11,793,21,8990
4439,11180,4.5,2.76,2.18,1418,28,8420
1918,15272,4.22,3.01,1.85,1673,20,7843
385,1350,2.43,3.21,2.23,1655,31,3433
3540,9485,4.26,3.85,1.16,932,26,4301
2645,19531,4.31,2.63,1.18,558,30,1270
1580,4666,3.98,2.92,1.34,1468,33,2079
2570,16443,4.3,4.12,2.04,1335,22,6322
3401,10667,4.54,2.79,1.43,698,22,9795
2975,5802,3.84,3.19,1.57,714,21,6257
3653,9902,2.27,4.23,1.8,1397,33,8982
3860,6345,3.46,2.81,2.62,971,29,7214
882,17506,2.23,2.67,1.03,746,25,6006
1262,3275,3.22,3.47,2.3,881,32,4985
1324,1366,3.22,3.1,2.34,1490,29,9791
4830,12387,2.2,3.63,2.6,1762,21,9705
2908,6857,3.05,4.11,2.87,1426,29,6991
87,3733,2.33,2.77,1.04,1890,34,7227
2631,7277,4.42,3.66,1.31,1691,23,8833
4237,3323,4.84,3.51,2.77,1059,29,3886
610,195,2.22,2.79,1.92,1574,28,3653
1075,5060,4.87,3.75,2.13,1188,28,5864
2146,16085,3.57,3.05,2.33,879,25,3514
2459,3090,2.9,3.48,2.36,973,32,4969
2353,9704,2.23,2.66,2.86,1603,23,4284
1873,16916,3.5,3.42,2.99,1196,26,8740
1328,19613,4.38,3.11,2.44,1890,33,5566
4721,17683,4.12,4.14,1.57,1984,20,3196
3607,17064,2.15,2.61,2.76,1410,31,1789
3772,15046,2.22,3.34,1.1,1975,23,4475
4680,16386,3.21,3.42,1.46,1987,24,2309
2200,8903,2.89,3.95,2.79,1459,27,1864
1002,11745,2.7,3.65,1.51,977,31,6389
2722,2902,2.84,3.83,1.44,1503,21,4363
2202,16064,4.41,4.05,1.28,1425,31,9215
1258,1037,4.79,4.22,2.72,1943,24,4003
3064,7672,3.22,3.13,2.0,1206,25,9502
4608,9210,4.72,3.58,2.35,1737,24,2231
4043,17534,2.96,4.18,1.48,1892,34,8959
2007,6702,3.43,4.48,2.52,1353,32,3711
4926,7471,2.68,4.28,2.52,1637,28,7581
3697,819,3.92,3.24,1.63,1516,29,8705
2161,17777,4.94,2.89,1.82,1253,20,1421
4028,14164,3.81,3.48,1.42,1002,33,1946
3120,4408,3.07,3.98,2.95,1316,22,2834
1980,11593,3.94,3.49,2.29,1087,33,2564
207,18783,2.37,3.47,2.87,1834,21,8332
2636,5749,4.67,4.18,1.61,1992,31,5944
1212,17675,3.51,3.22,2.56,1207,32,2308
2045,1175,3.35,4.22,2.53,1567,22,3986
487,10843,3.76,3.31,2.38,1938,29,1386
1264,6814,3.87,3.16,2.93,1769,28,7131
932,12373,2.22,3.41,1.79,1607,32,4258
429,13081,4.05,4.02,1.26,706,33,7121
2214,14102,2.73,2.75,2.34,650,28,5811
2607,12690,4.14,2.89,2.46,1167,29,7574
1130,7893,4.47,4.4,2.15,1027,21,7697
3078,14260,4.41,2.85,1.41,664,33,4933
960,16506,3.66,3.64,2.01,1416,22,2439
2346,10156,3.56,3.66,1.62,1668,33,7169
2253,5239,2.43,3.48,1.85,1509,23,5480
2655,2522,4.33,3.79,2.29,536,28,1055
1867,17141,2.81,2.96,2.49,832,22,4324
4622,18238,3.49,3.61,1.46,902,32,7777
1875,6754,2.85,3.24,1.81,913,26,1105
2922,3763,2.4,3.82,1.54,544,31,4201
2863,5101,3.89,2.78,1.4,1925,22,1669
4920,10806,2.16,3.64,2.57,705,26,9934
3238,2525,4.25,2.87,2.82,561,26,1966
3729,3660,2.95,3.06,1.74,919,28,1307
3238,4305,2.0,2.94,2.5,1367,21,3138
2381,14534,3.53,2.87,2.79,1991,32,1109
2901,1785,2.14,4.15,2.69,1319,25,4632
3766,8308,2.83,3.07,1.37,518,28,7728
4235,8029,4.12,4.35,2.91,864,31,6684
104,2478,2.19,4.44,1.75,1823,34,7499
2684,12395,4.52,3.64,1.68,1530,31,2915
1965,7476,2.01,2.79,1.12,927,34,1556
803,8583,2.74,3.25,1.97,1640,21,8619
1844,5299,4.22,4.1,1.22,1079,21,1104
2126,19251,2.95,3.23,1.5,1045,32,3047
4116,9736,2.31,2.67,1.63,824,33,1145
3335,14159,3.08,3.61,2.62,554,24,1873
2929,711,2.81,4.19,2.75,1277,29,1298
2607,12125,4.53,4.09,1.6,1491,29,4238
3215,14838,2.94,2.85,2.72,541,31,9837
4817,10110,4.37,3.85,2.71,1820,29,7382
824,15886,4.68,2.94,2.53,730,27,3511
355,10576,3.3,2.94,1.29,952,30,7596
2359,3424,4.73,4.25,2.38,893,34,1783
372,257,3.13,3.0,2.89,1881,28,5992
2453,2715,4.89,3.03,2.37,1967,21,1370
2275,18927,2.27,2.5,1.66,1651,24,1486
2198,682,4.06,4.24,2.0,1190,33,8378
3015,3133,3.48,4.09,2.29,1928,26,4196
3291,13761,3.16,3.75,2.02,891,34,5287
994,10173,3.9,4.0,1.24,1716,25,3261
1649,7173,4.11,2.8,1.62,1103,25,9572
837,10804,2.01,3.42,2.6,1380,26,1238
2740,1729,2.5,3.2,2.72,1601,22,7843
3541,15951,4.14,2.69,1.27,584,32,2105
4461,286,4.0,3.47,2.9,1553,22,2386
2945,7496,4.9,4.34,1.66,548,29,2667
3886,4493,4.28,2.58,2.32,1668,28,3691
136,15513,4.85,3.08,2.5,568,33,8756
3187,8605,4.11,2.92,2.62,1581,27,2996
3066,18802,2.89,2.98,2.89,1196,24,2425
613,16719,2.32,4.32,1.63,978,25,9023
3459,198,4.35,3.44,2.72,1319,30,7849
4156,13445,3.93,3.43,1.26,1968,31,4247
3543,4945,2.14,4.02,2.41,1819,29,3592
3377,17446,3.08,2.81,2.48,1694,20,2490
3378,11073,4.87,3.47,2.36,646,29,2224
3807,10749,3.5,3.36,1.5,1829,31,3587
1802,9765,3.3,3.69,2.75,1515,20,8714
2871,19219,3.37,4.5,1.34,1108,23,4064
3486,16213,2.63,4.04,1.11,945,21,8804
3427,5832,3.11,3.3,2.43,720,30,1832
1655,18842,3.11,4.16,1.95,1901,26,3440
1215,16774,2.16,2.84,2.7,1789,21,5795
3040,2867,4.3,2.56,1.77,594,29,2646
2882,15146,3.25,2.91,1.34,761,21,1440
3082,18930,4.47,3.18,2.67,1396,24,6956
1864,5349,4.55,3.52,2.1,1594,23,3367
4031,9967,2.64,3.73,1.38,718,27,7696
4672,18123,3.97,4.32,2.44,591,23,6190
2718,3317,3.42,3.52,2.02,626,33,5663
3512,4456,4.64,3.5,2.21,579,31,8062
1342,17876,2.65,2.6,1.92,1761,25,5331
211,10432,4.03,2.57,2.66,1482,24,4034
3517,4487,3.82,3.6,2.66,1895,30,4262
4222,5485,2.89,3.38,2.42,1415,33,3107
584,4157,2.41,4.18,1.21,985,21,8036
546,610,3.95,2.82,2.68,1193,30,5320
