Vegetable,Area (hectares),Production (tons),GDP (₹),Annual Growth Rate (%),Inflation Rate (%),Rainfall (mm),Temperature (°C),Target Price (₹)
Tomato,157,616,5652795,2.4,3.9,932,20.0,24.13
Potato,443,935,6894485,2.3,3.6,991,10.3,18.4
Tomato,258,910,3508189,4.1,4.4,864,29.2,42.83
Potato,197,367,3322975,4.1,4.6,889,17.5,21.08
Carrot,324,1989,6474860,4.2,3.1,604,33.6,38.51
Onion,114,249,4433065,3.5,3.3,941,19.7,41.0
Carrot,314,1360,3617314,2.7,3.0,812,32.4,43.22
Cabbage,173,623,6464349,3.3,4.9,967,32.6,40.91
Potato,281,717,3217426,3.5,5.0,966,13.4,44.21
Tomato,356,1010,3933226,2.1,4.6,535,12.6,33.86
Tomato,341,1106,3902799,3.9,3.8,773,25.1,33.23
Tomato,137,400,3311518,2.2,5.0,837,17.7,14.68
Onion,307,1106,6862788,2.5,3.5,995,26.0,48.8
Tomato,416,1638,3105388,3.6,4.0,598,21.8,46.39
Cabbage,89,961,6508016,2.9,3.9,835,30.9,40.08
Cabbage,166,1169,5236385,3.3,3.9,933,13.3,19.29
Tomato,144,1227,5221317,3.9,3.2,875,17.9,37.12
Onion,457,1482,3579188,4.2,3.7,867,34.6,48.55
Carrot,277,927,5440108,3.6,3.3,872,24.1,35.42
Cabbage,362,1817,6653720,3.0,5.0,971,26.3,10.1
Onion,323,733,5650341,2.2,4.2,896,13.2,33.59
Carrot,357,844,3825891,3.8,4.1,859,31.5,44.04
Potato,403,128,5223964,3.4,3.8,967,14.5,46.39
Tomato,159,139,5643460,3.2,4.9,879,34.0,38.32
Carrot,488,1287,4468424,3.0,3.4,970,13.8,15.73
Carrot,184,574,4609995,4.4,3.7,824,21.1,33.47
Carrot,221,1639,4350116,2.4,4.1,640,17.6,15.9
Carrot,304,1758,5197533,3.5,3.9,952,13.0,47.06
Onion,487,1751,5079684,3.2,3.4,763,29.2,36.35
Potato,333,1779,4411580,3.9,4.5,818,32.0,37.91
Onion,244,1569,5681363,4.4,3.3,598,30.6,44.45
Cabbage,479,1230,6940304,3.4,3.1,936,30.8,49.77
Carrot,457,970,3812493,2.7,4.2,969,18.6,13.0
Cabbage,335,1259,4140016,2.2,3.3,822,29.5,14.8
Tomato,260,1344,5637943,3.1,3.7,806,26.1,25.61
Cabbage,251,989,3683948,2.2,4.7,538,12.6,32.74
Cabbage,432,1418,5173759,2.7,4.8,970,12.9,29.38
Onion,154,1892,3035134,4.0,4.2,843,31.9,25.94
Tomato,357,754,5210969,3.5,3.6,541,28.4,33.53
Potato,105,1762,3244859,4.4,4.9,715,34.7,42.98
Cabbage,353,1138,3430999,4.5,3.7,854,22.7,48.56
Tomato,342,1685,5691645,3.2,5.0,705,28.5,39.31
Potato,170,1780,3336134,3.7,3.9,890,31.4,46.05
Cabbage,458,1279,3860930,2.3,3.7,726,16.8,48.57
Onion,174,1537,3060931,2.8,3.1,919,20.7,45.0
Onion,121,966,6603975,4.2,3.1,921,33.1,43.09
Onion,209,938,3493644,2.2,3.8,995,30.5,25.65
Onion,116,1078,5557022,3.6,5.0,818,27.4,13.55
Carrot,96,1626,6346919,4.5,3.8,843,16.7,15.73
Onion,288,1797,5473935,3.3,4.5,736,15.5,27.48
Cabbage,71,1781,3319351,3.6,4.4,685,26.8,32.27
Cabbage,480,336,3201350,2.3,4.5,730,10.6,14.2
Onion,240,343,4276248,2.7,4.7,920,12.8,47.71
Carrot,361,1319,4242341,4.0,4.7,876,20.1,42.5
Potato,173,129,5663248,4.5,4.4,646,23.4,25.33
Potato,382,265,4032426,3.8,3.3,879,25.1,23.85
Onion,204,1970,4076252,2.6,4.6,682,12.1,43.69
Onion,366,938,4602366,4.5,4.9,660,19.1,46.35
Tomato,341,1147,6062699,2.5,4.2,650,34.5,42.28
Carrot,295,1183,6229587,2.6,3.0,653,20.3,18.46
Carrot,396,951,3276305,2.9,3.1,657,18.2,20.68
Potato,430,1132,5239655,3.6,4.0,884,18.9,47.38
Carrot,206,201,5368714,3.1,3.1,825,29.6,43.32
Carrot,488,793,6931195,3.3,3.8,527,22.1,29.31
Carrot,302,737,3655708,2.7,4.9,693,12.1,27.97
Onion,459,1690,3866815,2.6,4.0,904,21.0,25.06
Carrot,396,691,6516503,3.0,4.9,669,17.6,24.27
Cabbage,180,1054,3957437,2.5,4.0,840,11.1,26.02
Carrot,445,1777,3318108,3.8,4.7,509,21.6,47.03
Onion,73,862,6966317,3.2,3.5,709,26.5,14.08
Carrot,415,141,5300046,4.1,4.3,689,20.0,47.91
Onion,236,433,5953081,3.8,3.6,823,25.0,25.83
Carrot,479,1067,4363051,2.2,3.2,922,13.5,20.08
Carrot,184,493,3929541,2.6,4.8,521,15.0,30.57
Potato,331,255,4457154,2.6,4.8,737,12.9,17.74
Carrot,333,141,3320905,2.6,4.1,890,25.9,38.23
Carrot,222,559,3602483,2.2,4.8,846,13.7,32.66
Cabbage,156,722,5761035,2.5,4.5,924,14.0,10.35
Onion,388,1696,4468387,4.1,3.1,995,17.6,46.77
Tomato,336,591,6572760,3.8,4.2,967,12.3,24.76
Cabbage,109,192,3528415,2.4,4.5,507,29.1,39.55
Cabbage,132,1735,6899793,2.7,3.1,580,12.3,18.48
Carrot,133,1648,5634812,3.6,4.4,803,14.1,18.87
Tomato,331,727,6563815,2.5,4.9,685,20.0,49.69
Carrot,432,1543,4139846,2.1,4.5,868,23.6,20.83
Cabbage,139,730,3887296,4.5,3.8,711,25.7,25.52
Carrot,462,997,4606105,2.2,4.3,758,19.1,32.23
Tomato,204,134,5109112,3.7,3.8,970,27.7,38.62
Cabbage,206,1326,5662869,3.9,4.5,910,13.1,12.04
Onion,147,634,6927954,3.2,3.7,709,25.3,29.36
Potato,253,779,5113606,3.0,3.1,626,25.2,17.56
Cabbage,263,475,4899381,4.2,4.6,526,20.0,28.87
Tomato,117,656,5540119,2.8,4.8,850,20.6,25.42
Tomato,376,1823,5010167,2.2,3.5,863,11.1,15.85
Onion,264,783,6537089,4.3,4.5,516,14.1,36.36
Onion,493,1166,5279837,4.4,3.8,639,21.3,37.39
Tomato,350,833,6880114,3.6,3.6,606,20.4,19.91
Tomato,288,1965,6822842,3.7,3.7,957,28.5,12.62
Cabbage,88,1536,3131920,4.1,3.9,593,31.8,20.31
Carrot,431,1912,4729288,3.5,4.5,788,26.5,34.64
Tomato,69,1588,3778855,4.2,3.5,888,32.3,33.11
Carrot,458,1358,3845541,3.6,3.2,604,33.1,24.3
Onion,260,1026,6284872,3.2,4.2,745,29.4,19.91
Tomato,195,468,4863575,3.6,3.6,881,19.6,22.26
Onion,387,992,3137812,3.5,3.2,883,16.2,49.0
Cabbage,220,1528,3035269,3.8,3.9,526,34.3,46.54
Potato,280,208,4567252,4.5,4.6,722,25.4,31.7
Cabbage,401,1965,6342146,2.1,3.0,537,23.1,17.16
Cabbage,149,1778,5365052,4.4,3.5,554,17.2,44.74
Cabbage,69,1075,3355766,3.3,3.6,521,20.7,41.55
Carrot,430,837,6032737,3.9,4.8,740,21.3,39.61
Carrot,450,132,4427168,2.7,4.5,508,34.8,41.68
Cabbage,213,677,6944675,3.3,3.0,606,25.0,36.11
Cabbage,146,1836,4476259,2.7,3.7,590,24.0,13.26
Potato,225,106,6501924,4.3,3.9,791,30.1,28.9
Potato,412,1433,5996955,4.0,4.0,999,10.9,12.45
Potato,265,470,6786884,4.2,3.9,824,20.8,18.86
Tomato,213,1453,6297505,2.2,4.8,934,26.6,15.33
Cabbage,396,765,4537033,3.1,4.9,830,16.4,49.17
Carrot,366,1527,4286986,4.0,3.7,846,15.2,13.38
Onion,440,793,4965389,4.1,3.1,657,24.8,49.66
Potato,102,1471,3911992,2.1,3.6,930,28.1,13.86
Tomato,188,1066,3142384,3.1,3.9,608,13.0,47.57
Onion,310,1357,5462969,3.5,4.1,594,12.7,33.68
Carrot,434,246,5976496,3.4,3.6,504,33.4,11.72
Cabbage,432,1095,3045919,2.2,4.0,508,15.9,46.91
Tomato,90,1555,3438880,4.0,3.7,912,18.2,42.64
Carrot,413,321,4026530,2.6,4.2,525,27.2,24.4
Potato,50,1940,6350778,2.1,3.4,661,31.6,21.39
Onion,500,1627,5941295,2.9,3.1,671,32.6,35.75
Carrot,283,1431,5113260,3.8,4.0,705,18.4,35.47
Onion,311,1111,5663031,2.9,4.3,992,13.7,42.14
Tomato,154,777,6486433,2.3,3.8,799,28.0,10.16
Carrot,137,345,6004538,3.8,4.1,592,30.4,27.14
Tomato,383,1732,3073586,3.4,4.8,797,23.9,20.43
Potato,285,1489,3856218,2.4,4.0,843,22.7,20.6
Onion,195,467,4754975,3.7,3.1,629,20.8,11.64
Cabbage,487,1660,4421917,3.8,3.6,755,24.9,16.46
Tomato,292,1096,3093092,3.4,3.3,608,14.4,23.42
Cabbage,427,709,3065663,2.4,4.8,556,25.3,12.35
Tomato,464,566,4252108,2.3,4.8,963,28.4,45.08
Potato,66,1899,3217820,3.9,3.4,612,24.8,13.92
Cabbage,129,1701,3973177,2.2,4.6,823,34.4,42.71
Potato,182,1192,4345841,4.3,3.1,742,33.9,24.26
Tomato,205,1484,4020957,2.6,3.0,607,29.0,17.37
Tomato,232,808,3004374,3.3,3.8,994,14.0,13.59
Cabbage,457,1046,4239399,3.7,4.2,614,26.1,43.36
Carrot,315,1554,4027368,2.7,3.4,858,16.4,46.16
Carrot,183,359,4675069,3.3,3.4,835,10.9,32.81
Tomato,426,502,5172030,3.5,3.3,628,29.7,22.12
Tomato,319,1104,5500357,2.5,3.0,624,24.9,32.83
Tomato,192,1593,5869836,2.5,3.7,779,13.1,46.84
Potato,178,893,6647521,2.5,3.4,535,32.0,46.83
Cabbage,113,1212,5972699,3.4,3.9,964,26.7,18.97
Onion,487,869,4346648,4.2,4.4,749,17.0,46.99
Cabbage,497,927,3054949,2.4,4.4,581,17.1,36.35
Onion,149,635,5219879,2.0,4.9,849,31.9,26.24
Onion,451,1309,6259945,3.1,3.1,594,19.3,10.52
Onion,473,958,6724372,2.1,4.2,972,29.1,11.33
Potato,477,888,6374733,3.8,3.6,658,21.0,18.92
Carrot,109,1010,5613435,3.4,3.3,813,12.3,48.23
Tomato,418,1828,6767164,2.8,3.2,864,26.5,16.5
Potato,306,734,4667095,2.5,3.4,785,27.2,33.52
Potato,248,1438,3951578,4.5,3.6,905,19.3,45.55
Cabbage,303,1644,3782365,4.0,4.3,843,18.1,47.18
Potato,105,984,5458121,3.2,4.7,502,29.1,21.39
Tomato,97,1038,3589367,4.4,4.5,941,30.5,39.23
Potato,187,917,6520650,3.2,4.7,550,14.6,13.47
Cabbage,62,1494,4842712,2.2,3.4,713,10.2,47.26
Tomato,180,1069,4900723,4.5,4.0,579,12.4,35.22
Onion,345,940,3492925,4.1,4.8,745,20.1,41.12
Onion,70,1000,6613198,4.5,4.3,603,11.1,11.41
Tomato,280,484,5532887,2.7,4.1,625,14.1,37.28
Carrot,288,752,5448829,2.7,3.5,674,19.2,28.97
Cabbage,333,128,6740000,3.6,4.1,965,20.7,29.82
Tomato,221,982,4748081,3.7,4.9,625,34.1,31.67
Potato,407,1958,4390113,4.4,3.9,993,13.9,21.61
Carrot,316,1925,3439344,3.4,4.9,895,11.8,35.44
Carrot,286,280,6456602,2.1,4.9,704,34.8,33.88
Potato,212,1160,5619809,2.1,3.1,975,29.7,35.03
Cabbage,103,1412,3124030,2.3,4.7,677,11.8,27.02
Carrot,341,1687,3858371,2.6,3.3,858,23.8,45.57
Onion,420,1440,4360768,2.5,3.6,815,21.1,44.59
Carrot,86,404,3590340,2.0,3.6,775,18.5,38.8
Onion,489,1259,5834603,2.5,3.1,720,19.1,35.06
Cabbage,308,1192,3268224,3.9,4.1,545,27.3,12.57
Cabbage,366,318,4159228,3.0,4.4,643,29.7,13.72
Onion,186,186,5022007,3.3,4.1,653,25.3,13.8
Potato,188,1913,4145279,2.1,3.7,745,14.2,43.6
Carrot,395,970,5679927,2.5,3.3,979,25.8,32.67
Cabbage,58,179,4045820,2.6,4.1,840,21.5,46.4
Potato,333,1724,4789938,3.5,4.9,573,16.3,41.62
Carrot,76,1165,5958551,2.9,3.3,923,16.2,10.25
Onion,497,203,5823095,2.6,3.9,952,11.6,47.85
Carrot,396,445,4354585,4.3,3.9,716,17.1,46.83
Tomato,261,1434,5196284,3.2,3.5,672,16.9,20.49
Potato,350,957,4849498,3.4,3.6,709,26.5,17.66
Carrot,221,128,4251737,2.2,3.8,976,23.6,35.95
Tomato,316,531,5655699,3.3,4.4,662,24.9,30.6
Potato,131,266,5539906,3.2,3.5,941,13.8,16.47
Potato,56,341,6480935,4.5,4.6,875,12.6,30.93
Onion,327,999,4565203,2.4,3.2,765,13.5,39.97
Carrot,258,1855,4082468,3.1,5.0,870,11.6,12.28
Carrot,221,1597,3284960,2.9,4.6,782,10.3,15.91
Potato,406,1672,4067038,2.7,4.5,858,17.5,37.95
Cabbage,182,1797,4701213,2.5,4.6,786,25.3,34.34
Cabbage,147,1848,4154323,4.4,3.9,557,31.2,47.9
Carrot,337,1278,3789513,3.8,3.5,513,14.7,26.6
Onion,109,1011,6767084,2.4,4.1,806,11.3,19.82
Carrot,247,1264,6869723,3.9,4.4,633,17.9,36.13
Onion,61,454,4449126,4.0,3.9,796,18.7,29.5
Onion,227,1981,4085517,4.2,3.2,612,24.7,43.64
Onion,249,1656,4910002,4.1,4.1,740,24.2,26.35
Cabbage,77,1280,6595773,3.9,4.6,661,24.9,18.02
Cabbage,287,1134,5489859,3.9,3.1,614,17.2,21.59
Cabbage,137,181,4897935,2.2,4.5,974,23.7,27.41
Potato,164,1268,3017420,4.3,3.5,923,11.9,13.89
Cabbage,397,148,5719316,3.4,3.1,773,12.9,44.7
Potato,154,1898,3068432,2.9,3.0,659,13.3,25.87
Cabbage,110,1581,4470775,4.2,4.6,785,10.8,30.11
Potato,322,398,5251457,2.2,3.4,863,34.9,39.91
Potato,485,1306,4205647,2.3,5.0,771,14.6,15.53
Onion,341,1541,5747000,2.3,3.5,696,21.8,21.48
Potato,194,1521,6229186,3.6,4.5,578,30.4,48.22
Tomato,481,1722,5480240,3.2,3.1,972,13.0,37.58
Cabbage,281,1910,4834859,4.1,3.4,598,20.6,31.53
Cabbage,488,1749,5159337,3.6,3.3,787,21.4,22.27
Onion,75,646,6104765,3.0,3.9,625,21.0,38.58
Carrot,121,938,6539483,3.7,4.7,931,33.6,24.77
Onion,167,549,4853318,2.3,4.0,866,13.3,17.62
Tomato,329,407,6212028,4.1,3.8,864,28.5,27.23
Potato,287,928,6899023,2.0,4.1,747,31.9,30.6
Tomato,345,1766,5358726,2.7,3.8,930,13.6,19.1
Tomato,95,448,3345120,3.4,3.1,919,22.6,12.76
Cabbage,113,729,4841320,3.9,4.3,655,22.6,16.03
Cabbage,314,659,5866038,2.9,4.1,830,13.3,31.52
Tomato,56,304,5144615,3.8,4.5,992,13.5,44.2
Onion,65,1155,6299941,2.1,4.2,532,16.1,37.63
Potato,216,1850,4112543,2.2,3.8,537,21.9,31.63
Onion,448,1706,4229339,3.1,4.8,903,18.9,21.1
Tomato,349,1724,3547536,2.0,4.6,872,22.1,25.74
Onion,103,495,3148945,2.1,3.1,600,29.9,22.11
Tomato,349,1475,5223051,3.1,4.2,800,24.4,34.98
Tomato,367,1402,5046572,4.1,4.0,831,29.5,13.08
Carrot,400,1171,4540868,4.0,3.3,611,25.6,43.26
Onion,53,281,6418020,2.3,4.8,973,31.6,47.5
Potato,192,1316,3407231,3.3,3.4,671,16.3,16.25
Onion,403,315,5764632,3.7,3.4,945,27.0,16.63
Carrot,203,1571,3652261,4.2,3.5,990,25.5,23.31
Carrot,469,1563,6005605,2.6,4.6,832,18.9,46.81
Potato,280,1363,5849065,2.4,4.9,811,20.7,42.62
Tomato,220,938,4196725,2.3,3.7,502,30.6,47.91
Onion,114,1709,5029485,4.0,3.5,629,34.2,36.83
Carrot,165,1576,3636857,3.1,4.3,540,27.6,48.93
Cabbage,453,494,3161420,4.2,3.2,612,22.8,36.81
Cabbage,426,891,3303982,3.9,4.2,958,23.7,24.1
Tomato,428,683,4363757,4.1,3.0,950,11.5,12.58
Tomato,411,154,3929976,2.4,3.3,521,32.4,43.51
Carrot,292,1106,6568884,3.5,5.0,565,27.0,31.15
Cabbage,338,1685,5004581,2.3,3.9,652,31.3,29.33
Tomato,166,1590,6997857,2.5,3.0,519,25.7,27.42
Onion,316,242,5962467,4.4,4.2,901,30.0,44.53
Cabbage,205,1770,5031925,3.9,3.4,933,34.8,22.49
Potato,276,465,4418164,2.8,4.7,637,22.2,28.06
Tomato,498,1463,6030938,3.2,4.5,699,16.1,30.27
Onion,217,1409,6452747,4.1,3.8,911,26.9,10.81
Potato,469,254,6560713,2.2,4.8,932,28.7,33.75
Carrot,92,1262,5167903,2.1,4.3,797,16.5,35.39
Tomato,407,325,6681182,3.7,3.3,563,20.9,47.97
Cabbage,138,361,6046780,2.9,3.9,970,24.9,42.63
Potato,183,1245,5740949,3.8,4.2,921,17.9,24.05
Tomato,355,1689,3375008,2.2,4.9,623,34.5,37.35
Tomato,459,444,5523097,2.8,4.5,756,27.9,34.29
Cabbage,165,1059,4604285,2.4,3.7,717,31.5,46.91
Potato,402,1950,3846811,2.3,3.9,735,31.2,34.37
Carrot,210,1756,5497541,3.5,4.4,504,23.1,12.48
Cabbage,473,1390,5189608,2.6,3.4,894,19.1,37.99
Potato,183,1482,6556037,3.1,4.1,669,22.9,39.83
Carrot,415,849,4436038,2.3,3.4,654,11.9,40.41
Carrot,486,1032,6764217,2.6,4.1,870,22.9,40.95
Cabbage,489,1392,6335848,3.2,3.3,723,10.7,34.89
Onion,327,1961,4255955,3.4,3.2,735,14.6,10.18
Cabbage,176,1245,6062690,3.8,3.6,514,32.9,23.08
Carrot,291,1398,3811135,2.3,4.5,694,32.4,33.71
Potato,315,741,6540367,3.4,3.2,707,12.0,49.46
Onion,375,908,3099787,2.3,4.2,554,12.8,36.5
Onion,474,1241,6540133,4.0,3.4,916,12.8,42.64
Cabbage,246,1404,6879756,2.9,4.1,1000,25.2,40.25
Potato,439,372,3338345,3.1,4.4,524,34.3,11.83
Potato,460,1990,5964716,2.1,4.2,581,25.6,36.68
Potato,226,234,4125339,3.9,4.7,983,30.1,21.7
Onion,364,1847,4799702,3.7,3.3,578,31.9,41.5
Onion,173,180,3069445,4.4,4.2,916,24.7,46.23
Cabbage,417,488,4228633,4.2,4.6,584,15.9,36.12
Onion,175,1691,4202126,3.2,3.8,734,21.2,44.71
Onion,210,762,5404946,4.0,4.5,611,10.3,36.98
Tomato,468,265,3116334,2.9,3.4,743,23.4,21.78
Cabbage,240,1527,6281315,4.3,3.3,739,18.3,10.91
Onion,179,582,6325439,2.7,4.9,851,15.7,13.5
Carrot,452,290,6378090,2.2,4.3,501,20.7,16.27
Cabbage,158,1947,5250812,3.5,4.0,819,23.5,31.45
Carrot,266,1375,6222272,2.1,4.5,511,20.8,48.15
Carrot,320,434,5170272,2.2,3.5,967,19.0,43.11
Tomato,353,221,4706745,3.6,5.0,876,20.8,48.29
Cabbage,151,998,5233295,4.0,4.4,619,20.5,15.74
Cabbage,332,618,6808818,3.0,3.9,950,20.6,31.47
Potato,161,751,5642183,4.1,4.7,563,20.1,47.08
Onion,500,1896,5114358,3.2,4.5,780,16.3,30.79
Onion,342,1719,6306580,2.1,4.1,879,21.0,34.55
Onion,197,1364,3639248,3.6,4.5,743,29.7,39.4
Onion,428,162,3035949,3.0,4.9,575,19.8,25.5
Cabbage,287,1631,4341048,2.2,3.7,768,10.1,21.97
Carrot,497,955,4554560,2.2,4.0,832,18.9,21.08
Tomato,213,1346,4108395,2.3,4.4,742,20.3,17.0
Tomato,459,1165,6297375,2.4,3.9,693,14.9,46.11
Cabbage,449,1469,5795978,3.8,3.5,826,13.0,29.83
Tomato,80,1014,4186245,3.3,3.4,671,19.3,20.87
Carrot,180,199,6822265,2.8,3.3,690,32.8,44.5
Carrot,198,199,3114647,2.5,4.0,645,18.1,45.58
Tomato,254,163,6171932,2.8,4.3,752,23.2,41.78
Potato,382,1915,4049094,3.1,3.6,837,23.9,39.63
Cabbage,431,1713,3583268,2.1,4.0,891,23.6,23.05
Potato,185,1981,4484268,4.0,5.0,853,10.7,48.82
Potato,268,1902,5231377,3.9,3.8,855,11.2,31.75
Potato,146,1764,3543165,2.8,3.8,508,26.9,37.08
Tomato,346,999,4449602,2.1,3.3,738,15.7,30.27
Cabbage,50,1032,5099230,2.8,3.5,539,17.0,18.34
Tomato,114,1114,5264671,4.2,4.1,572,32.0,18.35
Cabbage,429,881,5095291,2.6,3.2,666,25.0,34.36
Tomato,72,1334,4475618,3.0,3.6,776,12.5,35.61
Tomato,409,528,5186088,3.0,3.7,630,20.6,30.52
Tomato,134,457,4681035,2.1,4.5,612,16.4,20.36
Carrot,408,615,5064368,2.8,4.2,939,21.1,44.65
Tomato,204,1676,6336046,3.0,3.1,591,24.3,33.54
Potato,108,1183,5142524,3.4,4.8,621,34.8,34.91
Cabbage,98,142,3982739,2.2,3.7,643,10.6,12.44
Tomato,127,978,4357070,2.2,4.7,595,26.8,43.93
Onion,453,674,6247857,3.6,4.6,952,31.5,14.17
Carrot,222,1782,3198847,2.8,4.0,640,13.9,12.34
Onion,178,569,3737641,3.0,4.1,589,26.4,28.89
Carrot,169,1799,3043149,4.0,4.7,610,33.5,16.45
Carrot,415,808,5390866,3.8,3.8,594,13.8,24.32
Tomato,218,1191,3641225,2.1,3.5,928,15.2,30.5
Cabbage,483,1313,5896773,3.2,3.8,962,29.5,27.28
Potato,143,1313,5955960,2.7,3.7,840,25.1,27.7
Potato,244,698,6590664,2.5,4.6,945,31.2,20.83
Carrot,480,1804,6610232,2.6,4.5,596,16.2,43.9
Potato,285,305,5583549,3.5,4.4,923,17.5,25.43
Tomato,160,1243,6154891,2.5,4.6,539,29.6,43.0
Cabbage,345,613,6163492,3.4,4.1,915,16.5,18.63
Tomato,434,881,4928391,3.8,4.0,568,26.0,23.42
Onion,142,1200,6457842,2.4,4.9,628,17.3,15.19
Cabbage,200,294,3063022,2.8,3.2,704,19.3,11.7
Tomato,398,357,6812467,2.1,4.9,957,27.7,32.87
Onion,199,621,3017375,3.8,4.1,759,19.6,25.33
Potato,478,1947,5493980,3.4,3.3,540,19.9,38.25
Carrot,106,744,4490498,3.8,3.5,775,18.1,43.89
Potato,157,983,4727364,3.3,4.0,744,24.2,38.92
Cabbage,475,1496,6659038,3.0,3.4,809,29.1,41.88
Carrot,476,1901,6470805,3.5,3.3,861,32.0,36.02
Onion,155,450,6777489,2.5,3.1,955,20.7,42.97
Tomato,201,501,4049990,3.3,4.3,712,32.8,14.41
Carrot,175,1033,6601940,3.3,4.4,742,23.4,21.77
Cabbage,214,550,5124242,4.3,3.8,816,29.6,45.4
Carrot,298,1820,5147548,2.7,3.4,535,28.3,18.22
Potato,426,1923,5127634,3.5,3.7,684,12.4,36.93
Onion,77,1949,4416391,3.0,4.4,713,14.9,36.46
Potato,194,989,5568929,2.3,3.9,587,23.5,32.65
Cabbage,406,554,5598688,2.5,4.6,519,13.2,33.31
Onion,455,1672,5158021,2.2,3.7,630,33.0,20.73
Cabbage,164,1943,3550888,4.0,3.1,691,27.6,16.48
Onion,56,1130,6124585,2.6,4.3,766,16.8,17.11
Onion,256,1743,6172367,2.5,3.4,820,14.5,34.39
Onion,495,638,3416437,3.9,3.1,608,30.5,30.11
Carrot,95,808,6330500,4.2,3.5,812,13.6,16.66
Carrot,142,1756,3321944,3.4,3.9,941,21.2,25.6
Cabbage,397,284,5603861,3.1,3.9,832,23.3,39.41
Potato,203,813,3648289,3.1,4.3,743,11.2,12.22
Tomato,219,1830,6205795,3.6,4.6,983,11.5,14.49
Onion,312,1038,6145092,3.7,4.3,710,23.5,18.71
Potato,305,1021,6976152,4.4,4.2,632,21.6,21.13
Cabbage,355,1524,6486498,3.5,4.6,608,18.4,32.94
Onion,277,1434,6758507,3.4,4.8,690,22.2,49.74
Carrot,242,1786,6122646,2.2,3.8,847,16.9,10.08
Cabbage,243,1296,3716815,2.0,3.1,663,16.3,23.44
Cabbage,231,1183,5606806,4.4,4.2,754,18.4,17.92
Tomato,159,2000,3582343,2.2,4.7,807,34.4,45.87
Tomato,152,1645,4106047,3.3,3.8,596,17.8,16.83
Onion,383,587,5103451,2.9,4.4,936,26.2,12.16
Tomato,204,639,3773989,3.7,3.1,785,22.2,35.43
Onion,210,178,5814858,3.6,4.0,857,20.6,16.76
Tomato,84,1581,5685010,3.0,3.9,645,21.7,49.79
Tomato,414,1557,3227268,3.1,4.7,785,23.5,18.93
Potato,221,1988,6414983,4.4,3.6,821,20.7,21.51
Onion,461,809,5959163,2.3,4.6,899,26.0,22.66
Tomato,61,1774,6845484,2.6,3.8,673,26.0,36.22
Tomato,463,1978,4995932,3.5,4.2,566,24.0,47.38
Cabbage,470,1569,4048335,4.1,4.9,608,26.5,36.6
Tomato,376,339,5410860,2.5,3.6,539,15.5,11.58
Carrot,323,1221,6387311,3.3,4.1,830,11.9,15.89
Potato,304,678,4664848,2.4,4.4,636,14.0,38.98
Carrot,353,647,4518093,3.3,3.3,893,13.6,49.74
Cabbage,437,181,3591341,3.3,3.0,545,25.9,34.32
Potato,161,110,6206961,4.0,3.4,616,23.0,49.26
Tomato,119,676,3772203,4.4,4.5,518,12.1,48.78
Tomato,97,1823,5787786,3.7,4.4,711,10.3,38.5
Carrot,491,1237,4627739,3.7,4.5,664,14.2,42.9
Cabbage,261,405,4475721,2.1,4.6,540,15.2,36.59
Cabbage,387,233,5133396,4.3,3.6,813,34.1,45.78
Carrot,123,1332,4515599,4.4,4.5,801,20.7,21.93
Potato,348,116,5480360,2.0,4.9,539,24.4,25.75
Cabbage,418,1553,5385015,2.9,3.7,634,13.5,28.89
Cabbage,283,375,5942633,3.7,3.3,909,18.1,11.4
Onion,131,473,4393850,2.2,4.1,604,25.2,39.44
Cabbage,328,1854,3260340,3.2,4.1,614,26.5,16.21
Potato,142,932,6797304,3.3,4.3,827,23.5,19.3
Tomato,399,133,4253405,3.1,3.3,899,27.3,45.85
Potato,307,842,4110109,2.1,4.4,868,21.7,10.82
Onion,159,827,4053834,2.2,3.0,654,16.1,43.98
Carrot,321,854,3220679,2.2,4.2,937,23.8,25.21
Onion,500,1628,5134030,3.6,4.1,726,15.8,11.67
Onion,183,1788,6334961,2.6,5.0,880,28.6,28.92
Tomato,320,1061,4525396,4.5,3.1,712,13.2,41.15
Cabbage,334,480,4502297,4.2,3.5,590,26.3,48.61
Onion,413,943,5462975,4.4,4.9,577,22.8,17.15
Tomato,93,744,5725614,3.3,3.2,570,14.3,49.68
Carrot,421,1201,6589106,3.6,3.5,791,31.6,44.51
Carrot,184,1844,6476060,3.7,3.5,535,21.7,42.46
Cabbage,319,954,4765505,3.8,4.4,858,30.5,45.85
Potato,431,1932,4664541,3.7,3.2,724,25.9,20.62
Potato,217,1259,3311768,3.3,3.4,736,10.7,44.6
Carrot,195,736,6347380,3.6,3.5,705,20.1,27.29
Cabbage,400,1488,5594269,3.5,4.6,722,21.2,32.34
Cabbage,70,851,4835347,3.1,3.8,953,15.7,49.45
Carrot,376,1015,6069393,3.1,3.8,702,14.3,15.75
Cabbage,237,431,4463576,2.6,4.1,849,18.2,24.99
Carrot,456,960,3767222,3.8,4.5,529,23.1,49.94
Cabbage,223,256,5917852,3.6,3.6,504,21.7,24.12
Tomato,387,418,3636590,2.9,3.2,825,23.8,42.25
Cabbage,268,159,4917737,2.3,3.1,616,22.7,15.15
Carrot,93,663,6628349,3.5,4.0,864,30.9,39.16
Tomato,295,1960,3900264,2.6,3.5,656,27.0,13.37
Cabbage,102,832,6636403,3.4,4.5,810,33.2,36.58
Onion,451,198,6279894,3.0,4.4,735,29.7,35.85
Carrot,459,800,5983743,3.4,4.4,505,11.4,29.25
Onion,115,1041,6893487,4.3,3.2,547,20.6,29.38
Tomato,94,955,5935843,4.3,5.0,976,34.3,23.32
Tomato,301,1108,3032480,3.8,3.9,864,11.7,35.28
Carrot,382,504,5716494,4.1,4.1,618,30.6,25.53
Potato,407,651,5763967,2.7,4.9,834,19.9,44.32
Potato,161,1065,6356479,3.7,3.4,575,15.2,33.38
Cabbage,430,1618,4047634,3.6,3.4,927,15.2,33.69
Onion,431,984,5588065,2.1,3.1,794,34.3,19.95
Carrot,160,727,4898719,2.5,3.5,658,19.4,30.65
Tomato,429,537,4096428,3.1,4.6,723,32.9,13.48
Cabbage,84,482,6535391,4.4,3.8,660,32.8,18.52
Cabbage,485,991,4724858,2.5,4.6,672,21.6,33.33
Tomato,213,571,6266020,3.2,4.9,807,29.7,30.04
Carrot,292,753,3129956,2.7,3.8,655,28.1,39.36
Carrot,433,1587,4011593,4.1,4.7,656,26.2,35.21
Potato,225,540,3167972,4.5,4.0,787,24.6,23.35
Potato,98,164,3226477,4.0,3.2,617,24.1,45.86
Potato,415,142,3179908,2.6,4.3,560,15.6,17.35
Cabbage,209,1193,3438229,4.1,4.0,678,18.9,26.07
Carrot,285,849,3519732,2.1,4.3,894,23.8,13.12
Onion,136,901,5633786,2.5,4.9,533,34.1,26.84
Carrot,321,1527,4096240,4.1,4.2,970,18.5,10.56
Potato,395,1447,3842162,2.1,4.7,513,11.3,14.52
Potato,459,205,6229780,3.4,3.7,524,33.3,23.22
Onion,106,1782,6383854,2.3,3.6,577,31.8,15.79
Onion,165,274,6662074,4.3,3.9,559,17.3,41.4
Tomato,83,1111,3854277,2.4,4.0,620,22.0,27.7
Cabbage,199,111,4176941,3.4,3.9,627,19.5,15.57
Cabbage,244,1778,3719183,3.5,4.5,870,32.4,16.65
Carrot,296,1794,4315491,3.1,3.7,861,14.2,22.12
Carrot,475,179,6172242,3.8,4.7,914,12.3,43.23
Cabbage,438,1661,3764943,3.2,3.1,895,28.6,36.35
Carrot,65,723,6601948,2.7,3.4,569,21.0,41.86
Potato,488,1442,6858085,4.5,4.5,551,12.3,18.97
Tomato,421,1955,5927898,3.6,4.0,969,26.6,48.07
Carrot,305,131,6630299,3.5,4.7,994,18.7,19.77
Potato,107,1112,6040429,4.4,4.3,765,20.9,41.64
Potato,360,1893,6218905,3.8,4.0,984,14.6,33.94
Carrot,62,1073,3486890,3.1,3.5,913,24.8,24.76
Onion,258,470,6470027,3.4,3.0,545,22.5,32.31
Cabbage,472,576,4580226,2.5,3.3,888,32.9,41.74
Cabbage,120,406,6040808,4.0,4.0,867,20.3,22.05
Carrot,169,165,4437759,3.4,3.6,720,33.2,31.29
Cabbage,290,1699,3890554,3.1,3.0,815,25.8,42.16
Onion,339,153,5909514,4.3,4.4,755,15.7,35.93
Potato,461,1040,3035070,3.7,3.8,908,34.3,22.78
Potato,333,1412,3516425,2.9,4.7,638,17.1,14.91
Tomato,345,1726,6538526,3.5,4.5,873,17.0,48.67
Onion,124,408,4476113,3.0,3.3,707,32.0,29.31
Carrot,144,1046,5485424,2.7,4.8,873,11.6,25.1
Cabbage,51,653,3626529,4.2,4.3,755,11.4,14.99
Potato,481,1171,6000816,3.6,3.7,510,19.1,18.11
Cabbage,267,1375,6054222,2.2,3.5,609,29.8,13.57
Tomato,471,1094,6827021,3.3,3.8,722,12.1,19.07
Carrot,168,282,3439250,3.9,4.5,694,26.9,36.65
Cabbage,153,1571,5573956,2.9,4.2,838,22.2,20.74
Carrot,497,625,3850292,2.1,3.9,941,12.0,20.93
Onion,306,1717,6753910,4.4,5.0,634,34.4,13.98
Potato,240,579,5419293,3.2,4.0,516,15.6,22.2
Potato,490,1248,3418820,2.4,3.0,682,18.3,40.11
Carrot,235,1074,3508781,3.4,3.3,997,29.0,37.16
Carrot,384,543,6796665,3.1,4.3,561,11.4,48.25
Onion,204,949,5714634,4.3,4.7,549,27.3,45.78
Tomato,496,628,6676279,3.1,4.7,858,23.2,14.72
Tomato,151,1542,6993876,3.3,4.2,663,30.7,17.2
Tomato,248,231,5055992,4.0,4.7,953,12.4,44.43
Cabbage,239,744,6519474,2.8,4.7,629,34.4,45.93
Potato,443,1202,5615574,3.4,3.4,503,32.0,29.19
Tomato,484,1142,6653009,2.0,3.6,781,19.1,34.82
Potato,110,488,4450535,2.7,4.8,873,12.0,36.11
Tomato,60,1745,5103434,3.3,3.5,729,12.8,46.2
Carrot,492,510,6356179,3.5,3.6,564,14.2,49.77
Onion,209,459,5563621,2.8,4.6,802,34.5,12.72
Onion,367,1367,3325568,3.4,3.3,833,33.0,46.75
Cabbage,291,1558,5698511,3.5,4.2,730,24.6,15.72
Carrot,398,1854,4338542,3.6,4.0,718,29.0,27.12
Cabbage,356,733,4307151,2.4,3.3,722,31.1,36.86
Carrot,222,1097,4779631,2.3,3.5,509,26.4,48.32
Tomato,64,1792,6198119,4.2,4.3,924,31.5,14.64
Cabbage,402,1063,5353661,2.1,4.8,906,17.2,16.39
Tomato,109,866,5534884,2.7,3.6,886,22.6,20.89
Carrot,405,870,6867036,4.3,3.8,951,18.5,43.31
Cabbage,337,892,5038514,4.1,4.2,531,30.2,42.3
Onion,373,1593,5401659,3.6,3.8,837,20.3,41.06
Tomato,156,1579,3917950,2.8,4.7,748,10.1,20.5
Potato,56,101,6889835,2.4,3.2,588,20.6,26.35
Onion,149,1767,5334211,2.2,4.9,770,34.2,28.01
Tomato,200,704,3397655,2.8,4.1,846,22.7,46.64
Potato,71,1376,3845396,4.3,3.7,692,33.3,44.47
Potato,294,1522,5636161,2.4,4.8,656,15.7,42.55
Potato,467,104,3579906,4.5,4.8,744,14.2,42.02
Onion,484,1770,5304545,2.6,3.0,892,33.9,32.99
Potato,421,1195,3798969,2.7,4.4,975,21.1,22.87
Potato,278,744,3539540,4.2,4.5,694,28.0,47.73
Tomato,240,1292,4573095,2.1,4.9,701,29.4,33.24
Potato,267,830,6702001,4.4,3.6,604,14.1,36.21
Cabbage,53,495,3932521,3.4,3.3,638,21.6,25.31
Tomato,394,1448,4662288,4.5,4.6,955,17.9,11.1
Carrot,480,1733,6706275,3.8,3.8,825,25.8,32.52
Tomato,233,442,4574723,3.9,3.0,529,11.5,21.77
Onion,171,1529,6407823,3.5,3.7,561,25.8,10.56
Tomato,86,616,4355492,2.9,3.9,895,20.4,22.04
Potato,173,564,5827741,3.4,3.9,832,22.1,43.52
Onion,277,795,4811861,4.2,4.4,528,22.1,48.21
Tomato,84,1027,3855662,4.3,4.1,934,15.8,20.42
Potato,170,900,4048716,4.3,5.0,925,15.5,39.15
Cabbage,414,1596,5718758,3.9,4.2,930,22.4,28.83
Tomato,229,1118,3041253,3.0,3.8,767,10.8,28.74
Potato,367,643,4615299,3.2,3.3,501,25.7,12.41
Onion,304,156,5817557,3.4,4.0,502,25.1,34.44
Tomato,422,417,3522031,3.0,3.1,517,31.9,12.06
Tomato,84,1604,3148090,4.0,4.7,662,21.5,49.01
Onion,105,1183,5564413,3.2,4.1,976,30.9,16.25
Potato,193,1165,6261430,2.4,4.7,714,17.5,49.62
Tomato,62,267,6625832,3.6,4.3,517,14.7,30.77
Cabbage,434,431,6366301,3.4,4.7,764,21.5,17.25
Tomato,160,709,6290112,3.6,3.5,971,23.4,28.28
Tomato,179,1691,4855301,2.3,3.6,981,32.3,15.67
Tomato,349,1885,6739006,2.5,3.9,561,19.8,49.78
Carrot,122,1588,5690992,3.3,4.2,648,30.7,41.43
Cabbage,107,517,5926904,2.5,4.8,591,30.2,26.61
Onion,392,1496,6391868,2.5,3.1,771,32.0,41.71
Tomato,180,279,5092084,3.0,4.0,882,13.5,34.25
Carrot,240,1853,3943816,3.5,4.4,843,28.7,29.2
Carrot,313,807,5346461,2.7,4.8,527,16.2,22.95
Carrot,326,783,4547258,3.7,3.3,577,20.7,34.28
Carrot,58,1658,3939369,2.1,4.4,723,23.4,27.47
Potato,385,974,5579978,3.5,3.4,850,33.4,18.8
Tomato,168,1443,6464089,2.7,4.8,871,11.2,40.51
Cabbage,60,332,4933750,2.4,4.2,979,10.7,20.28
Tomato,178,1802,6869085,2.9,4.4,774,12.7,22.82
Tomato,85,603,4739692,3.6,4.5,958,10.9,36.98
Carrot,346,1231,5354061,4.2,3.1,571,24.8,33.46
Tomato,379,193,5614526,2.3,3.3,749,23.9,23.01
Carrot,479,355,6694797,3.5,3.2,925,17.1,44.2
Cabbage,220,955,3321184,3.4,4.0,664,21.6,21.7
Onion,374,1012,5718612,4.3,4.3,537,24.2,31.3
Carrot,474,990,3889048,3.5,4.2,662,25.0,42.62
Tomato,70,1757,6594915,3.6,3.1,904,10.0,14.71
Tomato,209,676,6564307,4.0,3.3,790,20.1,49.47
Carrot,462,1814,3480579,4.3,4.9,857,26.3,45.82
Potato,147,1331,4260166,2.0,4.3,576,14.8,31.78
Cabbage,330,1048,5876629,2.8,4.4,944,28.9,49.59
Cabbage,315,1683,5559070,3.4,4.6,501,25.1,42.57
Onion,192,833,3183215,3.8,5.0,574,30.7,29.76
Potato,465,805,3856055,3.5,3.6,969,29.2,26.7
Carrot,371,986,5416350,2.7,4.9,566,19.7,17.8
Tomato,365,429,5251419,4.3,4.5,841,25.3,26.99
Onion,106,613,6364111,2.9,4.7,671,11.7,39.74
Cabbage,495,240,5121803,4.3,4.3,583,19.7,11.55
Onion,397,1949,4447903,2.2,3.0,989,21.3,28.63
Carrot,66,284,6514093,2.2,3.5,709,22.7,26.25
Cabbage,336,1539,6161940,3.4,3.7,512,26.2,17.03
Tomato,405,637,4460316,4.5,4.9,926,27.5,12.68
Potato,274,1726,4427846,3.0,4.9,914,13.3,35.86
Potato,73,301,6327330,4.2,3.1,555,18.4,40.5
Potato,75,1527,4896175,2.3,4.1,581,18.0,47.14
Carrot,184,1830,5116199,2.9,3.1,710,15.9,29.62
Potato,350,319,3400432,3.6,3.6,612,21.7,48.61
Tomato,219,125,4035452,4.2,4.9,588,21.4,11.55
Carrot,235,754,3273070,3.3,4.5,880,23.1,29.87
Tomato,340,720,4890180,4.3,4.5,731,32.2,17.86
Potato,255,1776,4991233,4.1,4.5,817,17.9,23.69
Potato,291,1139,4194732,2.6,4.8,993,22.7,41.81
Carrot,215,1335,5698559,3.1,3.5,775,33.4,29.97
Cabbage,257,544,3708494,2.4,3.0,527,20.9,39.68
Potato,193,1369,4611407,3.7,4.4,836,16.5,28.18
Carrot,248,1818,5190743,3.0,4.9,640,17.8,46.11
Onion,281,894,3997253,3.9,3.4,906,22.8,33.56
Cabbage,187,1731,5091714,4.2,4.2,964,14.9,20.78
Tomato,151,1457,4591616,3.0,3.6,729,23.9,41.81
Carrot,53,439,5721786,2.4,3.3,775,11.6,10.47
Potato,214,1380,4466217,3.9,4.1,835,28.4,32.4
Cabbage,215,1570,5118890,2.6,4.0,796,25.0,41.04
Carrot,134,526,5019653,2.6,4.9,739,16.3,25.8
Onion,233,696,6035935,3.0,3.9,985,25.7,46.77
Cabbage,280,343,4689767,3.3,3.6,856,19.2,47.93
Tomato,248,1430,5072747,2.8,4.6,825,19.1,43.14
Onion,283,308,4222259,2.6,4.7,903,34.6,18.24
Potato,450,122,4050856,3.0,3.6,615,22.2,38.06
Potato,375,244,4693225,3.9,3.5,888,19.8,40.11
Tomato,191,335,3142461,3.1,4.2,869,29.3,29.43
Onion,494,1689,6963476,2.7,3.6,501,26.7,45.1
Tomato,407,1633,3565226,4.3,3.2,561,14.9,14.23
Carrot,493,1712,4386182,3.0,4.0,842,18.9,36.09
Cabbage,226,165,5407150,2.6,4.3,611,21.1,29.97
Tomato,360,1743,3198629,3.5,3.1,867,22.7,17.92
Cabbage,57,302,6905484,3.8,3.2,982,33.1,18.32
Potato,409,1887,4762712,3.7,3.2,851,32.5,43.57
Tomato,73,327,5058030,2.2,4.3,629,32.7,30.36
Carrot,100,278,4221624,3.2,3.6,996,22.9,22.84
Potato,268,549,4765037,4.3,3.4,680,34.4,17.57
Tomato,57,1787,3913344,3.2,3.5,761,18.2,14.4
Cabbage,232,1750,4027731,3.4,5.0,869,22.2,28.15
Potato,472,1106,5589273,3.5,4.1,905,18.5,28.18
Tomato,153,1005,3969339,3.2,3.9,804,17.8,11.64
Potato,132,1517,6611571,3.2,4.2,822,15.9,26.5
Potato,121,1653,5057157,2.2,3.6,934,20.5,28.79
Tomato,208,1021,3237980,2.0,3.8,801,28.9,30.47
Cabbage,431,254,6681971,3.0,4.6,799,12.1,48.81
Onion,99,849,4905553,3.7,4.5,778,18.9,27.55
Carrot,228,157,4305237,4.4,3.2,846,30.6,17.1
Tomato,384,1444,6685313,3.0,3.5,945,33.5,49.51
Onion,311,809,5143009,2.8,4.9,950,32.6,11.63
Carrot,130,1269,6141784,3.2,3.6,692,25.1,42.97
Onion,66,171,3993577,4.3,4.1,736,24.1,31.48
Potato,103,1602,3159520,2.0,4.9,730,34.0,38.33
Tomato,221,1953,5111130,4.1,4.6,645,33.1,46.8
Carrot,482,670,5631053,2.6,4.9,847,29.9,49.69
Potato,335,1330,3290716,2.4,3.3,638,18.4,42.48
Carrot,483,1403,5684876,3.4,3.2,713,34.2,42.16
Carrot,213,772,3063372,3.9,4.4,720,30.0,26.98
Onion,83,1091,5145366,4.3,4.7,988,14.7,39.52
Potato,249,1752,5713297,3.3,4.1,584,25.9,19.49
Onion,337,1116,5850887,4.4,4.1,798,20.7,37.37
Carrot,428,551,3009060,2.4,4.6,958,31.8,20.8
Tomato,153,1616,4372560,2.0,4.4,802,12.3,17.07
Cabbage,163,1001,4001587,2.1,4.8,619,31.5,14.5
Cabbage,76,799,4677483,2.5,3.5,634,31.6,31.69
Cabbage,286,418,5721843,3.1,4.0,504,15.0,20.84
Carrot,128,474,3397642,3.9,4.0,740,12.2,32.93
Potato,423,426,6267327,2.9,3.8,750,20.9,35.75
Tomato,111,921,6362956,3.3,4.7,667,34.4,22.11
Onion,290,251,5275732,2.1,4.3,860,27.2,23.64
Onion,246,1565,6619014,2.4,5.0,897,14.9,33.12
Carrot,365,1944,5673174,4.3,3.0,656,22.6,30.5
Cabbage,367,1820,4754173,4.2,3.5,954,21.4,49.1
Potato,138,179,3936315,2.4,4.0,548,32.0,24.47
Onion,125,100,3974760,2.9,3.9,854,19.6,18.45
Cabbage,249,1468,5813963,2.8,4.0,788,30.5,32.34
Onion,338,1413,5819976,2.7,3.4,606,22.7,41.7
Onion,198,1691,6577413,2.8,3.8,840,26.1,43.71
Tomato,109,779,6866695,3.0,3.7,517,26.2,38.99
Potato,174,1946,4130118,2.6,4.0,514,17.4,17.09
Potato,480,1414,5741914,2.4,3.9,605,15.0,40.4
Tomato,167,718,5212683,3.7,4.8,509,12.7,33.01
Tomato,354,578,4619922,2.7,3.9,766,22.0,37.26
Cabbage,467,829,5311241,4.4,3.1,545,21.9,14.24
Cabbage,443,328,5324328,4.1,3.1,896,17.6,16.65
Carrot,362,345,3178232,2.4,3.6,706,29.0,16.0
Cabbage,127,1144,4272573,4.4,4.5,524,12.1,41.51
Carrot,483,708,4521922,4.3,4.3,601,15.4,36.48
Tomato,240,1010,5888391,2.6,3.3,759,10.3,23.28
Onion,166,817,3658702,2.9,4.8,917,21.8,37.37
Carrot,444,1382,6933358,3.7,4.3,626,24.2,48.07
Tomato,165,858,5103338,2.3,3.4,866,27.5,43.92
Cabbage,389,1431,5934627,4.1,5.0,660,34.9,34.35
Potato,242,1789,6684106,4.2,4.4,640,18.2,47.81
Tomato,209,814,6974260,2.3,4.5,724,16.1,13.36
Onion,445,897,6816836,2.9,3.5,637,29.0,39.05
Onion,319,899,4220344,2.4,3.3,990,20.9,43.47
Carrot,63,1294,5930490,4.1,4.9,850,17.7,35.26
Potato,317,356,3629120,2.1,3.0,749,31.9,42.43
Onion,188,532,6968592,4.2,3.7,903,16.8,38.32
Tomato,360,1287,5313007,3.4,3.4,581,29.3,44.88
Tomato,332,1172,6849026,4.2,4.4,739,15.9,37.73
Carrot,109,654,4969125,2.8,4.5,756,25.9,29.62
Tomato,328,271,6312285,3.1,4.5,567,21.3,20.27
Carrot,323,1038,3516744,2.1,3.7,780,27.5,45.22
Carrot,356,1278,5828421,2.4,4.2,598,31.9,48.9
Cabbage,123,776,4467749,2.8,4.0,813,12.8,45.5
Potato,444,1273,6642592,2.2,3.6,707,11.7,37.25
Onion,269,224,3517334,3.6,3.7,967,30.1,18.8
Onion,380,1462,6122283,3.0,3.3,630,22.0,17.0
Carrot,133,1609,3567854,4.5,3.5,858,28.3,35.96
Cabbage,87,119,6152507,2.7,4.1,685,18.5,45.17
Carrot,302,1685,6572342,3.1,4.3,961,14.0,27.21
Potato,89,363,3523466,3.9,4.3,734,10.0,13.1
Carrot,303,1120,4691393,4.4,4.5,590,24.6,23.84
Carrot,194,1802,3615682,2.2,3.2,704,12.5,22.57
Cabbage,258,1390,4415181,3.5,3.4,775,25.3,32.28
Cabbage,275,1256,3541718,2.1,4.4,545,23.9,17.5
Onion,311,1522,3006166,2.6,4.9,559,18.3,13.08
Onion,324,1085,3774087,2.3,4.4,900,31.9,36.38
Onion,73,349,5428090,2.8,3.8,559,28.1,40.79
Onion,281,1488,4913055,3.3,4.8,883,29.3,28.13
Cabbage,189,482,3733666,4.1,3.2,730,14.2,13.99
Tomato,219,1821,5129314,2.4,4.1,607,10.9,43.49
Tomato,120,646,6637747,4.4,4.7,895,21.1,13.59
Carrot,448,1539,6035802,3.6,4.0,872,32.5,42.47
Cabbage,489,312,6536851,3.5,3.5,511,20.3,35.1
Cabbage,151,796,6015093,3.0,4.3,674,24.9,21.45
Carrot,226,931,5172311,3.1,4.2,919,16.3,48.84
Cabbage,422,1717,6060593,4.5,3.7,686,33.5,41.85
Tomato,120,622,5530695,3.1,4.2,879,29.6,39.51
Potato,489,214,4579232,2.0,4.8,856,24.3,33.47
Tomato,453,1551,4654701,3.2,3.5,542,33.9,36.32
Tomato,190,837,3709898,2.4,4.8,699,28.1,20.2
Potato,305,1734,5484890,3.8,3.1,829,25.0,38.26
Cabbage,262,1398,4806384,2.6,4.3,630,10.2,17.63
Carrot,109,1894,5635499,3.8,4.4,705,15.6,24.1
Tomato,141,888,4267046,2.6,3.0,696,23.1,26.65
Potato,55,422,3921143,2.5,4.8,528,20.9,11.88
Potato,392,1118,5980483,2.7,4.2,765,29.0,44.28
Tomato,277,1575,3237276,2.1,3.9,965,14.8,31.53
Potato,373,1879,5567104,3.7,4.8,770,20.9,40.92
Onion,123,367,6456758,4.3,3.4,908,26.8,47.7
Potato,406,984,3523310,3.1,5.0,915,18.7,45.87
Carrot,334,785,4559514,2.5,5.0,860,20.9,36.77
Carrot,390,1855,3821233,3.4,4.0,766,30.4,35.02
Onion,411,251,3383517,2.9,4.4,860,19.6,30.19
Tomato,148,891,5234453,2.1,4.6,549,32.3,49.53
Onion,495,499,6144066,4.4,3.3,687,32.8,23.02
Potato,393,1520,3714160,3.1,4.7,977,15.1,22.95
Tomato,214,1342,6470835,2.1,3.8,556,16.1,11.47
Onion,148,1374,6328266,4.2,3.1,964,32.9,14.33
Onion,114,112,5285993,2.5,4.8,911,17.3,34.17
Cabbage,361,665,3195814,2.3,5.0,603,16.9,32.48
Carrot,443,769,3257522,3.6,3.4,671,28.4,11.14
Cabbage,113,1903,5841111,3.1,4.3,798,12.9,24.68
Cabbage,443,1063,3332619,3.4,3.7,508,21.6,42.92
Cabbage,174,645,5767488,4.4,3.1,721,31.9,45.47
Tomato,369,1484,5093468,3.9,3.1,753,15.2,13.68
Onion,353,1686,6428040,2.2,3.3,771,20.0,17.01
Potato,82,397,3753912,3.3,4.7,902,34.0,11.25
Onion,330,1002,4321060,3.4,4.2,956,21.7,31.74
Carrot,200,319,5022349,4.5,4.9,983,17.7,46.69
Potato,466,186,4002502,3.5,3.3,772,20.4,14.24
Onion,145,108,4052819,2.4,3.4,678,32.2,33.79
Potato,266,1820,6447096,2.8,3.6,901,13.3,42.28
Carrot,472,1616,3712416,2.6,4.9,796,28.8,26.69
Tomato,126,458,5915192,4.4,3.4,820,13.7,24.0
Cabbage,226,1613,3119170,2.7,3.5,759,34.6,45.78
Potato,217,873,4317971,3.7,4.6,847,14.7,47.82
Carrot,425,242,4393942,4.4,3.1,858,33.7,35.8
Onion,157,240,3009906,4.2,4.6,953,17.3,37.83
Cabbage,464,1927,5469564,2.8,4.3,588,34.3,23.67
Potato,365,477,6318689,2.5,4.8,906,13.1,22.91
Cabbage,130,1639,3344462,3.7,4.8,605,20.0,23.66
Carrot,320,845,4542761,4.4,3.4,626,25.6,37.02
Onion,352,1822,6753706,2.5,3.5,893,21.2,40.79
Cabbage,380,1354,4061290,2.9,3.3,822,30.3,44.99
Potato,160,671,6721404,4.1,3.4,743,21.1,25.15
Tomato,210,375,4665809,3.9,4.1,894,17.1,21.23
Cabbage,375,735,4883902,2.8,4.2,991,20.2,49.73
Tomato,184,1867,5249254,2.7,3.2,796,16.0,46.4
Cabbage,175,1311,4530471,3.1,3.0,596,33.8,30.11
Carrot,344,1818,5826230,2.7,3.6,555,23.7,44.08
Onion,262,1687,4107370,2.4,4.6,584,15.1,34.79
Potato,484,1996,4034600,2.4,3.2,784,31.1,26.91
Carrot,330,585,6174649,3.3,3.6,537,20.4,26.33
Cabbage,129,128,3705236,3.8,4.9,944,24.0,19.75
Potato,284,1905,3832897,3.5,4.4,939,34.6,45.98
Carrot,147,455,5772514,2.0,4.1,765,26.3,37.49
Onion,251,584,4308332,2.1,4.2,818,33.5,10.99
Onion,327,1303,3788394,2.5,4.1,830,24.2,28.9
Carrot,123,1062,4578267,4.2,3.4,810,24.1,46.01
Onion,309,1566,6968513,2.6,4.5,772,35.0,42.2
Carrot,387,1675,4215676,4.5,3.6,630,20.2,20.79
Carrot,421,1584,3390676,3.3,3.5,919,21.2,38.28
Carrot,372,846,4445476,2.2,3.4,900,25.3,40.2
Carrot,400,1256,4032531,4.0,3.8,505,18.0,33.82
Tomato,366,479,4873277,4.0,4.7,660,23.6,43.18
Tomato,463,227,4245970,3.1,3.7,705,12.3,49.17
Carrot,71,1709,3138484,3.7,3.6,638,19.9,40.87
Onion,157,1263,6491125,2.7,3.1,835,13.9,13.68
Potato,405,1344,3305217,2.3,4.8,667,10.8,46.17
Potato,96,1114,4169357,3.8,4.0,792,22.1,49.42
Cabbage,400,1591,4348739,3.2,3.0,646,23.1,14.49
Cabbage,312,1737,5793252,4.4,4.6,655,30.4,18.61
Onion,249,1865,3845543,3.4,4.1,884,28.2,43.0
Onion,460,520,4471106,3.3,4.7,839,21.1,20.8
Carrot,169,1805,5647198,3.4,3.3,814,27.0,15.83
Onion,51,1383,4698748,4.1,3.2,770,27.5,44.45
Tomato,241,737,6836579,4.4,4.8,714,14.2,17.25
Potato,218,444,3914578,3.6,5.0,971,23.5,37.49
Carrot,270,1095,4777149,4.4,4.8,566,23.9,27.2
Potato,471,1637,3021418,2.5,4.1,664,28.6,48.64
Potato,288,328,4125849,4.4,4.8,854,19.8,11.67
Potato,50,877,4661714,3.6,4.9,954,17.7,32.02
Tomato,492,852,4305712,4.0,4.2,957,33.0,28.39
Tomato,178,874,6871309,2.5,3.6,727,12.8,11.53
Onion,407,733,6624269,3.7,3.5,824,17.8,43.85
Cabbage,454,986,3544673,4.3,4.0,933,15.4,15.1
Tomato,386,491,4325851,4.3,4.5,500,34.8,36.53
Carrot,374,119,6675404,3.9,4.8,880,21.7,47.44
Onion,274,155,5615282,2.5,4.8,778,27.0,46.96
Potato,282,1094,3697527,3.1,3.2,803,22.3,22.71
Onion,435,1259,6743072,4.1,3.4,669,12.4,21.84
Onion,114,1695,6621298,2.4,4.4,561,14.8,25.48
Carrot,168,524,4244397,3.4,4.0,684,23.2,34.56
Carrot,166,1780,3421588,3.1,3.1,703,21.0,13.96
Carrot,331,1089,5599160,2.3,4.7,685,26.1,27.68
Potato,91,1072,3751635,3.2,3.2,773,33.6,22.11
Tomato,480,1824,4441480,3.1,3.4,631,29.1,37.48
Carrot,117,1950,4894728,3.5,4.4,551,31.5,27.91
Carrot,337,1373,5888412,2.7,3.3,564,31.0,15.9
Carrot,392,1221,4814963,2.7,3.7,568,21.6,28.84
Carrot,454,1105,4993474,2.4,4.0,965,18.1,14.93
Onion,212,680,5896543,3.6,4.6,532,17.6,28.71
Tomato,159,722,4650468,2.2,3.6,714,29.8,25.09
Potato,137,1526,3368579,3.5,3.1,592,20.1,31.79
Cabbage,56,1930,4413966,2.7,3.4,989,31.7,25.07
Carrot,188,1959,3885103,2.1,4.1,892,20.7,15.24
Carrot,465,1541,6494505,2.5,4.9,730,22.0,43.89
Cabbage,172,1647,5447926,4.2,3.4,531,11.2,14.16
Carrot,84,1082,5940956,3.9,3.5,800,11.0,30.66
Onion,95,1694,3457827,3.8,3.8,972,22.4,22.4
Cabbage,500,543,4670833,3.7,3.8,989,21.8,33.21
Carrot,62,697,4379072,2.5,3.2,723,15.0,32.44
Potato,155,1758,5262038,2.2,3.8,643,19.0,18.56
Potato,244,637,4617932,2.3,3.9,879,26.8,16.24
Potato,461,501,6562598,2.5,4.3,680,20.3,49.87
Cabbage,319,1361,6533912,3.7,3.9,689,35.0,21.84
Tomato,50,1356,5259724,3.0,4.3,806,31.5,47.45
Tomato,435,1668,5351438,4.2,4.2,732,29.7,23.27
Cabbage,424,856,4061729,3.9,3.3,886,27.9,20.05
Onion,296,1696,4599557,3.4,4.0,903,29.0,18.75
Carrot,245,1524,3095631,4.4,3.7,541,10.8,11.17
Tomato,212,1209,3403164,3.8,4.4,947,33.8,41.39
Carrot,315,1720,4342515,2.7,3.5,510,23.4,19.37
Cabbage,196,274,5232389,4.3,4.6,735,17.8,43.61
Tomato,282,1055,5149954,4.4,3.7,915,12.0,21.72
Onion,162,1407,3706942,2.7,3.5,619,24.1,39.84
Cabbage,203,1641,4492958,2.8,4.4,697,31.6,39.11
Tomato,133,100,4850543,3.2,3.9,803,31.9,31.02
Carrot,89,1443,5650815,3.7,4.2,994,31.0,47.35
Carrot,61,209,5759468,2.3,3.3,556,27.1,20.51
Carrot,456,1840,3656504,3.8,4.6,547,33.7,10.44
Onion,441,375,5947839,4.1,4.4,764,12.2,24.34
Carrot,386,603,3623090,4.2,5.0,783,30.4,24.78
Potato,293,1010,6554443,3.9,4.7,658,14.9,45.01
Carrot,499,1821,3380112,3.8,3.5,574,16.1,16.15
Potato,113,972,6908664,3.1,4.5,706,11.6,27.92
Onion,237,411,5056422,4.1,3.8,785,10.8,32.18
Potato,160,1238,3266080,2.8,4.1,840,32.7,41.58
Carrot,313,1635,6969563,2.7,4.2,524,28.2,14.87
Potato,412,1017,5966616,3.9,4.2,650,34.7,34.03
Potato,231,556,6458406,4.3,4.9,706,13.8,34.88
Onion,261,171,5239616,2.2,4.4,719,33.3,43.32
Cabbage,257,223,3533471,2.7,4.4,732,11.3,49.26
Cabbage,173,1546,3032189,3.4,4.2,749,25.8,15.06
Onion,432,775,4346696,2.6,3.4,773,33.5,17.49
Carrot,170,408,4174999,2.6,4.5,996,15.1,43.03
Tomato,148,315,4895938,4.1,4.9,892,30.0,20.87
Onion,63,507,4706864,4.1,4.0,520,25.9,43.03
Tomato,151,408,3780774,2.0,3.1,722,21.7,16.34
Carrot,210,398,6772205,4.4,4.5,723,30.2,29.48
Onion,134,1851,6041050,2.6,4.7,503,26.3,30.0
Onion,51,1558,4516980,4.0,4.2,618,30.6,24.53
Carrot,356,756,3835803,4.3,3.3,783,30.0,39.4
Tomato,445,1546,4238638,3.9,4.4,505,26.1,19.74
Cabbage,282,1249,5378934,3.5,4.6,968,32.6,23.88
Carrot,440,159,6272443,4.1,3.2,786,23.4,10.01
Potato,130,142,5950808,2.9,3.1,953,32.9,35.86
Potato,365,1902,4989628,2.2,4.5,983,11.1,45.55
Tomato,315,1513,4495193,2.2,3.7,758,16.9,16.49
Carrot,442,197,4607467,2.5,3.9,816,15.5,29.1
Onion,105,293,6470952,3.1,4.8,956,23.1,21.4
Onion,84,620,3276792,3.2,3.6,739,19.9,26.63
Potato,477,739,4448016,2.4,3.2,959,10.9,30.77
Cabbage,121,841,4210779,2.4,4.0,769,30.3,27.06
Carrot,213,506,3889655,4.3,3.9,650,28.7,30.4
Cabbage,216,137,3851060,2.4,4.6,722,25.6,36.82
Tomato,382,388,4784631,3.1,4.2,949,30.5,14.91
Tomato,441,1262,6282365,2.1,3.4,535,28.7,34.07
Tomato,372,1383,3490307,2.9,4.8,911,33.5,44.86
Carrot,312,1260,4327669,2.9,3.4,583,20.4,45.7
Carrot,334,511,4906784,2.3,3.7,774,22.8,35.19
Cabbage,398,1300,6881946,2.8,3.0,988,34.7,49.44
Tomato,277,1708,6343988,2.8,4.7,586,16.9,20.09
Tomato,140,543,6481649,3.2,4.6,582,32.9,25.35
Cabbage,491,1662,3683917,2.6,3.6,919,26.7,29.1
Potato,120,1620,3560061,2.9,3.0,878,32.8,16.05
Cabbage,492,1045,3561626,4.1,4.5,621,31.3,45.3
Carrot,246,127,6004287,2.8,4.1,817,10.7,41.39
Onion,258,1695,6543132,4.4,3.8,761,26.9,14.38
Potato,348,672,5869837,4.3,4.2,952,19.0,45.1
Potato,450,163,4660782,2.3,4.1,738,34.3,20.27
Potato,261,977,4378707,2.2,4.8,776,13.2,38.22
Cabbage,207,213,6542906,2.2,4.7,635,22.8,17.64
Cabbage,344,341,4434838,2.3,3.2,631,20.4,48.66
Cabbage,396,1196,6895592,3.9,4.5,903,34.0,47.7
Tomato,77,557,6140946,2.1,4.4,822,14.1,39.85
Potato,90,1541,4007039,3.7,4.0,670,21.6,26.78
Tomato,176,198,5944599,4.0,5.0,979,14.0,48.41
Onion,250,796,5079850,2.4,4.6,889,25.6,34.65
Carrot,476,458,5809981,2.9,4.4,880,24.4,31.39
Cabbage,180,531,5701783,3.9,4.3,574,16.0,29.07
Cabbage,474,562,6718557,2.2,3.1,595,18.7,43.88
Onion,255,381,6559279,3.4,3.7,781,34.4,44.5
Cabbage,291,124,3463101,2.7,4.6,889,20.3,43.49
Potato,313,892,3524118,2.2,4.7,995,30.2,33.9
Tomato,331,367,6733001,4.4,3.3,732,16.4,49.98
Onion,365,1058,6313407,3.4,3.9,922,32.8,37.76
Onion,332,392,6587937,4.3,3.8,517,32.1,46.83
Cabbage,212,733,3023005,3.7,4.5,624,16.7,32.18
Cabbage,84,199,3788492,2.2,3.1,523,17.9,11.43
Carrot,467,1524,4052291,2.9,4.0,735,25.1,15.71
Potato,93,1164,5665886,2.9,4.5,966,28.2,27.82
Carrot,471,862,6803906,4.4,4.9,591,10.1,38.89
Onion,402,962,5855160,2.3,3.7,556,28.4,34.95
Tomato,155,207,6146171,4.0,4.2,951,32.4,38.64
Cabbage,349,572,3247272,3.2,3.9,942,20.2,35.32
Potato,241,236,5894653,2.5,4.7,570,31.3,10.53
Onion,109,256,4791337,4.1,4.1,729,32.7,47.74
Cabbage,81,675,6614385,3.5,4.1,958,18.2,18.13
Onion,137,1623,3899564,4.5,3.2,618,21.6,49.72
Potato,83,1566,6476458,4.5,3.7,561,14.5,19.58
Potato,97,1618,4384994,2.1,3.4,984,26.7,30.27
Cabbage,236,1398,4948224,4.5,3.8,670,11.9,33.24
Onion,221,1628,3975332,2.3,3.6,647,20.8,39.71
Potato,52,1586,3402886,3.3,4.8,536,18.8,49.69
Carrot,213,1643,4233297,2.2,4.7,779,24.5,38.25
Potato,60,315,6307165,4.2,4.0,983,19.7,29.97
Carrot,172,430,5659183,2.4,3.7,902,34.6,31.78
Tomato,400,845,4176326,3.8,3.2,607,21.7,46.01
Tomato,165,1561,4558067,3.2,3.3,688,34.0,13.95
Carrot,192,495,5048446,2.4,3.4,706,16.6,45.54
Tomato,229,759,4426582,3.6,4.0,998,29.0,42.79
Potato,250,872,4678765,4.0,3.8,535,11.8,10.91
Onion,123,988,3077417,3.8,3.9,529,28.3,13.52
Potato,476,1741,4219685,2.8,4.2,611,18.5,42.47
Tomato,440,1280,4807636,3.8,3.6,695,24.0,45.16
Potato,114,730,5786086,2.4,3.8,580,26.7,39.95
Potato,373,1815,4440398,3.4,4.1,712,25.3,45.15
Carrot,460,1363,6171425,4.2,3.7,662,29.4,33.95
Carrot,407,632,3404442,2.1,3.7,846,26.2,10.94
Cabbage,267,155,5673618,4.0,4.4,788,31.1,16.67
Tomato,163,1371,4393852,3.8,4.6,720,34.2,12.65
Tomato,193,465,6815102,4.5,3.0,813,15.8,26.79
Carrot,292,1753,3883915,3.3,3.2,956,10.0,41.76
Tomato,410,284,4166432,4.3,4.2,676,27.6,20.82
Cabbage,216,1538,5070340,4.0,3.6,705,28.2,36.21
Cabbage,390,389,4597090,2.7,3.5,590,32.8,22.73
Cabbage,144,616,6963955,3.3,3.2,819,31.1,49.67
Cabbage,421,640,5917089,4.3,3.0,802,32.1,26.26
Tomato,492,1011,4517040,2.5,3.1,631,20.1,37.62
Potato,79,946,3363202,2.5,3.4,687,13.6,36.32
Carrot,278,1789,6419284,4.0,3.8,983,16.4,42.72
Carrot,490,1489,5766389,2.3,4.7,711,17.2,47.52
Potato,255,652,5255297,3.4,3.6,807,32.1,33.14
Cabbage,164,131,3910454,3.1,3.9,870,18.7,40.41
Carrot,498,1570,3931779,4.3,4.6,693,18.0,20.47
Potato,476,755,5189140,3.0,3.0,953,33.6,32.96
Tomato,366,1313,6775210,4.1,3.5,948,29.7,27.4
Carrot,367,1913,4458300,2.2,4.2,750,14.6,15.38
Tomato,459,1804,6929189,3.2,3.0,999,15.0,24.6
Onion,471,815,5275580,3.9,4.2,992,13.6,28.36
Tomato,309,683,5076403,4.5,4.7,893,30.3,20.52
Carrot,431,1979,5824643,3.7,3.4,538,27.7,14.91
Onion,220,335,3658350,3.3,4.2,891,28.5,35.05
Tomato,328,394,4610386,4.5,3.7,571,18.0,47.25
Cabbage,110,1833,4670013,3.8,4.4,840,12.8,42.36
Carrot,455,1262,4495594,2.0,4.4,907,17.0,19.4
Tomato,352,360,6409183,3.7,3.5,558,13.7,38.55
Tomato,88,1086,3211362,2.6,4.2,587,15.7,31.1
Tomato,475,1316,4229225,3.6,3.8,964,29.8,42.51
Tomato,83,1204,4997340,2.0,4.3,692,11.5,44.07
Potato,272,845,6913866,3.8,3.3,935,26.6,46.15
Tomato,75,102,5094849,2.3,3.8,907,32.0,30.95
Tomato,330,1186,6459807,2.5,3.3,846,26.0,25.04
Cabbage,355,531,5860680,2.2,4.9,826,16.2,44.17
Carrot,449,506,3685724,2.1,3.3,588,12.5,15.82
Carrot,361,678,6405342,2.6,3.4,909,13.5,28.92
